"timestamp","gt_power_mw","gt_heat_rate_btu_kwh","gt_exhaust_temp_c","solar_output_mw","solar_irradiance_fraction","solar_cell_temp_c","bess_soc_pct","bess_power_mw","bess_terminal_voltage_v","compute_cpu_load_pct","compute_mem_util_pct","compute_inlet_temp_c","cooling_chws_temp_c","cooling_pump_flow_ls","cooling_cop","site_total_load_mw","it_load_mw","mechanical_load_mw","grid_import_mw","islanded","balance_residual_mw","step_event"
"0.0",240.08,10847.7,568.0,120.53,0.6,43.1,72.0,-1.64,1479.5,65.0,55.0,25.79,8.0,3943.2,4.19,245.549,195.054,50.495,-110.166,0,2.0249,0
"0.1",240.21,10821.6,568.01,119.31,0.6,43.0,72.0,-3.23,1480.7,65.0,55.0,25.78,8.0,3953.3,4.26,244.787,195.048,49.739,-110.201,0,0.0853,0
"0.2",240.27,10902.8,567.95,120.49,0.6,43.1,72.0,-4.76,1479.7,65.0,55.0,25.79,8.0,3947.4,4.12,246.378,195.081,51.297,-110.171,0,-1.7822,0
"0.3",240.25,10930.8,567.93,120.03,0.6,42.7,72.0,-6.24,1478.3,65.0,55.0,25.74,8.01,3949.7,4.18,245.612,195.009,50.603,-109.939,0,-2.7388,0
"0.4",240.26,10901.2,567.99,120.29,0.6,42.9,72.0,-7.68,1479.7,65.0,55.0,25.76,8.01,3939.5,4.16,245.796,194.985,50.811,-109.565,0,-3.7134,0
"0.5",240.27,10931.0,567.85,119.76,0.6,42.7,72.0,-9.06,1479.9,65.0,55.0,25.8,8.01,3960.1,4.19,245.563,195.051,50.512,-109.523,0,-5.3421,0
"0.6",241.74,10855.2,567.88,120.08,0.6,43.5,72.0,-8.92,1478.0,95.0,55.0,25.79,8.01,4861.8,4.25,357.043,285.099,71.944,-103.961,0,-109.8929,1
"0.7",243.27,10907.0,567.9,120.06,0.6,42.6,72.0,-8.83,1480.9,95.0,55.0,25.82,8.02,4843.6,4.23,357.342,285.099,72.243,-98.603,0,-103.2292,0
"0.8",243.25,10971.7,567.89,119.77,0.6,43.2,72.0,-10.18,1481.4,65.0,55.0,25.83,8.02,3955.1,4.13,246.212,195.033,51.179,-98.945,0,6.4512,0
"0.9",243.2,10884.4,567.94,118.91,0.6,43.0,72.0,-11.48,1480.1,65.0,55.0,25.86,8.02,3940.4,4.23,245.114,195.06,50.054,-98.998,0,5.2926,0
"1.0",243.25,10883.0,567.78,119.97,0.6,42.9,72.0,-12.74,1479.4,65.0,55.0,25.8,8.02,3943.6,4.23,245.121,195.063,50.058,-99.272,0,4.8595,0
"1.1",243.4,10829.6,567.9,119.56,0.6,42.8,72.0,-13.97,1479.4,65.0,55.0,25.83,8.02,3937.7,4.17,245.823,195.099,50.724,-99.58,0,2.3565,0
"1.2",244.81,10866.8,567.83,120.25,0.6,43.3,72.0,-13.76,1479.6,95.0,55.0,25.84,8.03,4849.6,4.23,357.385,285.129,72.256,-94.273,0,-102.149,1
"1.3",246.24,10916.2,567.9,119.88,0.6,43.2,72.0,-13.52,1481.1,95.0,55.0,25.85,8.03,4836.4,4.08,359.801,285.09,74.711,-89.047,0,-98.048,0
"1.4",246.17,10850.5,567.75,119.46,0.6,42.9,72.0,-14.71,1479.3,65.0,55.0,25.85,8.03,3958.6,4.21,245.448,195.138,50.31,-89.955,0,14.2868,0
"1.5",246.18,10892.4,567.76,119.71,0.6,43.0,72.0,-15.87,1480.4,65.1,55.0,25.78,8.04,3930.7,4.11,246.577,195.162,51.415,-90.622,0,11.5886,0
"1.6",246.16,10864.6,567.76,119.15,0.6,43.2,72.0,-16.99,1478.9,65.1,55.0,25.9,8.04,3966.4,4.26,244.986,195.198,49.788,-91.208,0,10.9054,0
"1.7",246.14,10875.5,567.77,118.91,0.6,42.7,72.0,-18.07,1478.4,65.1,55.0,25.87,8.04,3943.9,4.24,245.261,195.264,49.997,-91.532,0,8.9568,0
"1.8",246.21,10864.2,567.75,120.52,0.6,42.7,72.0,-19.12,1479.6,65.1,55.0,25.84,8.04,3963.2,4.18,245.941,195.264,50.677,-91.996,0,8.445,0
"1.9",246.26,10863.0,567.76,120.77,0.6,42.8,72.0,-20.13,1479.6,65.1,55.0,25.84,8.04,3950.5,4.19,245.735,195.198,50.537,-92.427,0,7.5125,0
"2.0",247.65,10884.4,567.82,119.82,0.6,42.9,72.0,-19.8,1478.6,95.1,55.0,25.86,8.04,4852.4,4.25,357.226,285.255,71.971,-87.093,0,-98.4416,1
"2.1",249.2,10862.9,567.74,119.26,0.6,42.8,72.0,-19.49,1479.2,95.1,55.0,25.87,8.05,4850.9,4.18,358.282,285.201,73.081,-82.607,0,-93.7119,0
"2.2",249.14,10825.2,567.75,119.82,0.6,43.3,72.0,-20.49,1479.2,65.1,55.0,25.88,8.05,3957.2,4.22,245.455,195.234,50.221,-83.418,0,18.3689,0
"2.3",249.1,10805.0,567.74,119.41,0.599,43.0,72.0,-21.46,1479.9,65.1,55.0,25.87,8.05,3964.1,4.16,246.133,195.237,50.896,-84.208,0,15.4838,0
"2.4",249.12,10867.4,567.7,119.73,0.599,43.0,72.0,-22.39,1479.5,65.1,55.0,25.83,8.05,3952.6,4.13,246.407,195.192,51.215,-85.084,0,13.7307,0
"2.5",249.08,10838.8,567.58,119.65,0.599,43.3,72.0,-23.3,1477.6,65.1,55.0,25.91,8.05,3965.9,4.27,244.867,195.189,49.678,-85.527,0,13.8126,0
"2.6",249.05,10829.9,567.73,120.12,0.599,43.2,72.01,-24.17,1479.7,65.0,55.0,25.89,8.05,3961.3,4.15,246.124,195.141,50.983,-86.275,0,11.3715,0
"2.7",250.47,10887.1,567.69,120.61,0.599,42.9,72.01,-23.81,1479.8,95.0,55.0,25.86,8.06,4848.1,4.19,358.001,285.108,72.893,-81.401,0,-93.9175,1
"2.8",251.88,10897.5,567.72,120.44,0.6,42.6,72.01,-23.48,1480.5,95.0,55.0,25.88,8.06,4842.1,4.15,358.628,285.09,73.538,-76.921,0,-88.4976,0
"2.9",251.75,10830.3,567.62,120.1,0.6,42.8,72.01,-24.35,1479.1,65.0,55.0,25.88,8.06,3962.0,4.17,245.885,195.129,50.756,-78.102,0,22.2838,0
"3.0",251.64,10852.1,567.7,119.9,0.6,43.0,72.01,-25.19,1478.7,65.0,55.0,25.88,8.07,3961.4,4.23,245.191,195.105,50.086,-79.181,0,20.7566,0
"3.1",251.58,10822.7,567.68,119.7,0.6,42.9,72.01,-26.0,1479.1,65.0,55.0,25.91,8.07,3955.6,4.21,245.437,195.132,50.305,-80.097,0,18.5126,0
"3.2",251.37,10853.9,567.56,119.44,0.6,43.2,72.01,-26.79,1478.4,65.1,55.0,25.91,8.07,3950.7,4.22,245.378,195.177,50.201,-81.013,0,16.4047,0
"3.3",251.28,10831.3,567.57,120.02,0.6,42.8,72.01,-27.55,1477.6,65.1,55.0,25.85,8.07,3948.2,4.19,245.766,195.225,50.541,-81.708,0,15.0426,0
"3.4",252.67,10813.9,567.57,120.08,0.6,43.0,72.01,-27.1,1479.8,95.1,55.0,25.93,8.07,4853.7,4.15,358.789,285.21,73.579,-76.956,0,-91.8917,1
"3.5",253.98,10857.0,567.56,120.26,0.6,43.0,72.01,-26.75,1479.5,95.1,55.0,25.91,8.08,4852.6,4.2,357.91,285.162,72.748,-72.683,0,-84.8922,0
"3.6",253.87,10883.7,567.58,120.33,0.6,43.0,72.01,-27.51,1479.6,65.0,55.0,25.91,8.08,3979.3,4.16,246.033,195.144,50.889,-73.792,0,25.6348,0
"3.7",253.75,10827.5,567.57,120.47,0.6,43.0,72.01,-28.25,1478.9,65.0,55.0,25.88,8.08,3950.1,4.15,246.094,195.126,50.968,-75.018,0,23.6253,0
"3.8",253.66,10783.9,567.58,119.69,0.6,42.9,72.01,-28.96,1477.5,65.0,55.0,25.88,8.08,3957.2,4.25,244.947,195.087,49.86,-76.191,0,22.0267,0
"3.9",253.67,10840.2,567.55,119.85,0.6,42.8,72.01,-29.65,1479.3,65.0,55.0,25.95,8.08,3961.2,4.11,246.474,195.054,51.42,-77.128,0,19.0333,0
"4.0",254.94,10883.2,567.55,120.34,0.6,43.2,72.01,-29.27,1478.2,95.0,55.0,25.93,8.09,4851.0,4.23,357.275,285.039,72.236,-72.891,0,-85.9448,1
"4.1",256.29,10835.3,567.48,119.49,0.6,43.1,72.01,-28.87,1480.7,95.0,55.0,25.91,8.09,4861.1,4.14,358.765,285.051,73.714,-68.542,0,-82.1887,0
"4.2",256.21,10826.3,567.53,119.66,0.6,42.9,72.01,-29.56,1479.1,65.0,55.0,25.92,8.09,3938.9,4.19,245.497,195.015,50.482,-70.112,0,29.4765,0
"4.3",256.04,10812.9,567.62,120.09,0.6,42.6,72.01,-30.23,1478.4,65.0,55.0,25.93,8.09,3955.1,4.13,246.204,195.027,51.177,-71.567,0,26.9,0
"4.4",255.91,10811.9,567.48,120.69,0.6,42.5,72.01,-30.88,1479.4,65.0,55.0,25.95,8.09,3927.7,4.17,245.664,194.979,50.685,-72.693,0,26.1393,0
"4.5",255.69,10834.1,567.57,119.86,0.6,42.6,72.01,-31.51,1480.2,65.0,55.0,25.9,8.09,3961.6,4.17,245.735,195.009,50.726,-73.978,0,23.1032,0
"4.6",255.55,10839.5,567.42,119.4,0.6,43.2,72.01,-32.11,1478.4,65.0,55.0,25.93,8.1,3945.8,4.13,246.225,195.051,51.174,-74.939,0,20.4398,0
"4.7",255.55,10830.0,567.59,121.14,0.6,42.9,72.01,-32.7,1479.7,65.0,55.0,25.91,8.1,3952.9,4.12,246.294,195.009,51.285,-76.152,0,20.3145,0
"4.8",256.8,10786.8,567.49,119.78,0.6,42.9,72.01,-32.23,1480.7,95.0,55.0,25.94,8.1,4839.7,4.17,358.2,285.012,73.188,-71.612,0,-87.2537,1
"4.9",258.02,10724.6,567.42,119.33,0.6,42.6,72.01,-31.78,1479.5,95.0,55.0,25.95,8.1,4847.1,4.14,358.74,285.042,73.698,-67.343,0,-82.3111,0
"5.0",257.88,10824.2,567.53,119.39,0.6,42.8,72.01,-32.38,1478.9,65.0,55.0,25.98,8.11,3952.1,4.26,244.79,195.051,49.739,-68.964,0,29.9084,0
"5.1",257.68,10820.9,567.46,119.2,0.6,43.3,72.02,-32.96,1479.9,65.0,55.0,25.99,8.11,3949.4,4.13,246.21,195.036,51.174,-70.319,0,26.1571,0
"5.2",257.56,10835.6,567.46,118.88,0.6,43.4,72.02,-33.52,1478.0,65.0,55.0,25.96,8.11,3931.8,4.12,246.277,195.012,51.265,-71.717,0,23.6929,0
"5.3",257.42,10817.7,567.47,120.38,0.6,42.8,72.02,-34.06,1479.9,65.0,55.0,25.96,8.11,3948.9,4.16,245.816,194.994,50.822,-72.682,0,24.01,0
"5.4",257.36,10859.7,567.48,120.24,0.6,43.1,72.02,-34.58,1478.4,65.0,55.0,25.99,8.11,3944.4,4.13,246.19,195.024,51.166,-73.837,0,21.7578,0
"5.5",257.13,10806.9,567.42,120.07,0.6,42.7,72.02,-35.09,1480.0,65.0,55.0,25.96,8.11,3950.5,4.2,245.364,194.988,50.376,-75.0,0,20.5192,0
"5.6",258.4,10793.9,567.53,120.06,0.6,43.5,72.02,-34.61,1477.7,95.0,55.0,25.95,8.11,4853.1,4.19,357.872,285.0,72.872,-70.465,0,-86.2754,1
"5.7",259.67,10818.2,567.39,120.07,0.6,43.0,72.02,-34.19,1480.2,95.0,55.0,25.99,8.12,4855.6,4.19,357.912,285.03,72.882,-66.32,0,-80.4748,0
"5.8",259.4,10832.6,567.45,120.5,0.6,42.6,72.02,-34.71,1480.7,65.0,55.0,25.95,8.12,3935.4,4.21,245.343,195.072,50.271,-68.093,0,30.5291,0
"5.9",259.23,10804.2,567.38,119.44,0.6,43.3,72.02,-35.21,1479.4,65.0,55.0,25.97,8.12,3962.3,4.15,246.028,195.063,50.965,-69.366,0,26.8363,0
"6.0",258.99,10860.1,567.36,119.92,0.6,42.5,72.02,-35.7,1480.0,65.0,55.0,25.98,8.12,3959.5,4.22,245.261,195.075,50.186,-70.567,0,26.1577,0
"6.1",258.86,10839.5,567.45,119.49,0.6,42.9,72.02,-36.16,1480.1,65.0,55.0,25.97,8.12,3942.5,4.14,246.126,195.066,51.06,-71.586,0,23.2466,0
"6.2",258.64,10837.3,567.41,119.79,0.6,43.1,72.02,-36.62,1478.8,65.0,55.0,25.99,8.12,3940.9,4.26,244.812,195.078,49.734,-72.989,0,22.7837,0
"6.3",258.48,10767.5,567.5,119.03,0.6,43.1,72.02,-37.06,1477.6,65.0,55.0,25.97,8.12,3952.8,4.18,245.663,195.048,50.615,-73.947,0,19.6101,0
"6.4",259.62,10851.5,567.47,120.17,0.6,43.2,72.02,-36.53,1478.0,95.0,55.0,26.03,8.13,4836.9,4.13,358.878,285.027,73.851,-69.524,0,-86.9372,1
"6.5",260.8,10823.9,567.42,120.0,0.6,43.1,72.02,-36.07,1480.6,95.0,55.0,26.0,8.13,4857.2,4.17,358.247,285.036,73.211,-65.417,0,-80.7226,0
"6.6",260.56,10787.7,567.38,119.53,0.6,42.6,72.02,-36.53,1481.3,65.0,55.0,25.99,8.13,3951.2,4.13,246.204,195.03,51.174,-66.957,0,29.1713,0
"6.7",260.38,10826.8,567.36,120.28,0.6,43.0,72.02,-36.97,1480.0,65.0,55.0,25.98,8.13,3957.6,4.15,245.957,195.009,50.948,-68.255,0,28.254,0
"6.8",260.23,10816.9,567.36,120.55,0.6,42.9,72.02,-37.4,1480.0,65.0,55.0,26.0,8.13,3943.6,4.2,245.461,195.072,50.389,-69.81,0,26.8824,0
"6.9",260.06,10754.2,567.34,120.21,0.6,43.4,72.02,-37.81,1478.6,65.1,55.0,26.01,8.13,3969.2,4.17,245.936,195.165,50.771,-71.147,0,24.1495,0
"7.0",259.92,10777.1,567.31,119.12,0.6,42.6,72.02,-38.21,1480.0,65.1,55.0,26.03,8.13,3923.1,4.2,245.619,195.216,50.403,-72.027,0,21.9571,0
"7.1",261.13,10816.2,567.33,120.03,0.6,42.6,72.03,-37.73,1479.8,95.1,55.0,26.02,8.14,4851.9,4.23,357.491,285.213,72.278,-67.688,0,-83.5366,1
"7.2",262.35,10806.9,567.36,120.27,0.6,42.7,72.03,-37.28,1479.9,95.1,55.0,26.02,8.14,4841.4,4.16,358.559,285.168,73.391,-63.923,0,-78.9433,0
"7.3",262.19,10772.5,567.36,119.23,0.6,43.2,72.03,-37.7,1479.4,65.0,55.0,26.04,8.14,3942.8,4.08,246.901,195.132,51.769,-65.252,0,30.3277,0
"7.4",261.94,10795.1,567.32,120.18,0.6,43.0,72.03,-38.1,1478.8,65.0,55.0,26.02,8.14,3950.2,4.18,245.75,195.12,50.63,-66.982,0,30.0558,0
"7.5",261.66,10833.4,567.24,119.58,0.6,42.4,72.03,-38.49,1480.6,65.0,55.0,26.02,8.14,3949.1,4.1,246.689,195.144,51.545,-68.144,0,26.6836,0
"7.6",261.48,10794.9,567.31,120.04,0.6,43.2,72.03,-38.87,1477.7,65.0,55.0,26.02,8.15,3949.3,4.12,246.466,195.15,51.316,-69.678,0,25.2751,0
"7.7",261.3,10834.7,567.31,119.01,0.6,43.2,72.03,-39.23,1481.2,65.0,55.0,26.02,8.15,3946.2,4.12,246.437,195.129,51.308,-70.669,0,22.7407,0
"7.8",261.02,10812.4,567.31,119.26,0.6,43.4,72.03,-39.59,1479.8,65.0,55.0,26.01,8.15,3960.6,4.12,246.44,195.12,51.32,-71.737,0,21.2849,0
"7.9",262.23,10818.2,567.27,120.47,0.6,43.2,72.03,-39.1,1480.9,95.1,55.0,26.0,8.15,4853.7,4.2,357.919,285.168,72.751,-67.399,0,-83.5119,1
"8.0",263.35,10852.6,567.34,120.03,0.6,43.2,72.03,-38.66,1480.0,95.1,55.0,26.0,8.15,4843.6,4.2,357.901,285.162,72.739,-63.432,0,-78.3948,0
"8.1",263.08,10891.6,567.32,119.4,0.6,42.6,72.03,-39.03,1479.8,65.1,55.0,25.99,8.16,3948.1,4.17,245.956,195.198,50.758,-65.044,0,31.2253,0
"8.2",262.87,10774.0,567.25,119.83,0.6,43.5,72.03,-39.39,1480.0,65.1,55.0,26.05,8.16,3950.4,4.16,246.201,195.303,50.898,-66.706,0,29.1745,0
"8.3",262.68,10751.5,567.19,120.59,0.6,42.8,72.03,-39.74,1479.2,65.1,55.0,26.03,8.16,3959.4,4.13,246.566,195.315,51.251,-67.95,0,27.7862,0
"8.4",262.55,10795.4,567.22,119.96,0.6,42.7,72.03,-40.07,1480.6,65.1,55.0,26.05,8.16,3950.8,4.19,245.832,195.276,50.556,-69.229,0,26.1458,0
"8.5",262.31,10827.6,567.32,119.6,0.6,42.9,72.03,-40.4,1478.4,65.1,55.0,26.01,8.16,3961.5,4.13,246.486,195.249,51.237,-70.627,0,23.171,0
"8.6",262.11,10838.3,567.24,119.71,0.6,42.9,72.03,-40.71,1481.6,65.1,55.0,26.04,8.16,3945.4,4.12,246.57,195.237,51.333,-71.581,0,21.7206,0
"8.7",263.2,10781.6,567.16,120.22,0.6,43.2,72.03,-40.17,1480.6,95.0,55.0,26.04,8.16,4853.9,4.11,359.372,285.141,74.231,-67.355,0,-85.2675,1
"8.8",264.41,10798.3,567.24,119.97,0.6,43.2,72.03,-39.66,1477.8,95.0,55.0,26.04,8.17,4874.8,4.09,359.717,285.129,74.588,-62.984,0,-79.7809,0
"8.9",264.24,10840.1,567.18,118.83,0.6,43.5,72.04,-40.0,1479.4,65.0,55.0,26.03,8.17,3955.8,4.14,246.221,195.132,51.089,-64.698,0,30.9181,0
"9.0",264.02,10789.1,567.19,119.8,0.6,43.3,72.04,-40.33,1479.1,65.0,55.0,26.06,8.17,3945.7,4.11,246.559,195.135,51.424,-66.216,0,29.4846,0
"9.1",263.8,10794.3,567.34,120.54,0.6,43.1,72.04,-40.64,1478.5,65.1,55.0,26.05,8.17,3976.4,4.16,246.045,195.156,50.889,-67.874,0,28.545,0
"9.2",263.65,10830.2,567.23,119.75,0.6,42.5,72.04,-40.95,1480.3,65.1,55.0,26.02,8.17,3951.7,4.2,245.629,195.201,50.428,-69.278,0,26.3209,0
"9.3",263.45,10778.4,567.14,119.75,0.6,43.2,72.04,-41.25,1479.1,65.1,55.0,26.04,8.17,3949.5,4.08,246.957,195.171,51.786,-70.298,0,23.4668,0
"9.4",264.58,10836.8,567.24,120.21,0.6,43.6,72.04,-40.73,1479.6,95.1,55.0,26.09,8.17,4837.2,4.12,359.217,285.165,74.052,-65.885,0,-82.8389,1
"9.5",265.75,10771.7,567.22,120.45,0.6,42.9,72.04,-40.3,1480.5,95.1,55.0,26.05,8.18,4847.1,4.16,358.569,285.171,73.398,-62.211,0,-76.679,0
"9.6",265.52,10769.0,567.05,119.49,0.6,43.1,72.04,-40.62,1479.8,65.1,55.0,26.07,8.18,3959.9,4.13,246.414,195.192,51.222,-63.721,0,33.0269,0
"9.7",265.27,10802.8,567.21,119.86,0.6,43.0,72.04,-40.93,1480.1,65.1,55.0,26.04,8.18,3929.9,4.23,245.259,195.186,50.073,-65.245,0,32.4754,0
"9.8",264.9,10828.6,567.16,119.95,0.6,42.8,72.04,-41.23,1479.0,65.1,55.0,26.07,8.18,3938.7,4.2,245.664,195.24,50.424,-67.009,0,29.7259,0
"9.9",264.61,10784.1,567.12,119.42,0.6,43.3,72.04,-41.51,1481.5,65.1,55.0,26.06,8.18,3960.6,4.15,246.228,195.225,51.003,-68.416,0,26.6432,0
"10.0",264.36,10782.0,567.15,120.09,0.6,42.6,72.04,-41.79,1481.7,65.1,55.0,26.07,8.18,3950.9,4.09,246.916,195.231,51.685,-69.55,0,24.957,0
"10.1",265.42,10797.1,567.1,120.12,0.6,42.6,72.04,-41.29,1478.5,95.1,55.0,26.09,8.18,4832.2,4.14,358.915,285.195,73.72,-65.425,0,-81.8855,1
"10.2",266.44,10787.5,567.16,120.59,0.6,43.1,72.04,-40.86,1480.5,95.1,55.0,26.05,8.19,4850.0,4.14,358.94,285.201,73.739,-61.423,0,-75.9862,0
"10.3",266.15,10803.8,567.21,120.01,0.6,42.6,72.04,-41.16,1479.2,65.1,55.0,26.08,8.19,3970.3,4.13,246.469,195.228,51.241,-63.154,0,34.1467,0
"10.4",265.87,10782.5,567.17,120.41,0.6,42.9,72.04,-41.45,1479.0,65.1,55.0,26.09,8.19,3966.5,4.1,246.807,195.225,51.582,-64.901,0,31.8873,0
"10.5",265.5,10751.6,567.15,119.44,0.6,43.0,72.04,-41.73,1478.7,65.1,55.0,26.09,8.19,3953.1,4.13,246.511,195.276,51.235,-66.56,0,28.9042,0
"10.6",265.31,10798.1,567.1,119.87,0.6,43.0,72.04,-42.0,1478.7,65.1,55.0,26.06,8.19,3957.1,4.16,246.189,195.288,50.901,-67.782,0,27.9807,0
"10.7",265.13,10765.3,567.13,119.54,0.6,42.9,72.05,-42.26,1479.9,65.1,55.0,26.07,8.19,3947.5,4.17,245.989,195.225,50.764,-69.027,0,26.1579,0
"10.8",266.28,10731.2,567.2,120.38,0.6,43.2,72.05,-41.81,1481.4,95.1,55.0,26.1,8.19,4840.1,4.18,358.245,285.18,73.065,-65.007,0,-80.1954,1
"10.9",267.48,10763.7,567.01,120.58,0.6,42.8,72.05,-41.35,1480.4,95.0,55.0,26.11,8.2,4840.5,4.05,360.39,285.144,75.246,-61.029,0,-76.5059,0
"11.0",267.13,10784.9,567.05,119.59,0.6,42.5,72.05,-41.63,1479.3,65.0,55.0,26.08,8.2,3945.3,4.1,246.682,195.141,51.541,-62.81,0,34.3639,0
"11.1",266.88,10770.9,567.06,119.65,0.6,43.5,72.05,-41.91,1481.6,65.1,55.0,26.12,8.2,3948.5,4.21,245.493,195.183,50.31,-64.727,0,33.172,0
"11.2",266.71,10838.6,567.14,120.27,0.6,42.7,72.05,-42.17,1478.9,65.0,55.0,26.09,8.2,3959.5,4.22,245.32,195.123,50.197,-66.321,0,31.9477,0
"11.3",266.5,10798.1,567.16,120.71,0.6,42.9,72.05,-42.43,1481.1,65.1,55.0,26.11,8.2,3943.6,4.2,245.573,195.162,50.411,-67.641,0,30.3443,0
"11.4",266.19,10825.2,567.16,120.05,0.6,43.4,72.05,-42.67,1479.8,65.0,55.0,26.11,8.2,3954.6,4.1,246.687,195.138,51.549,-69.054,0,26.5896,0
"11.5",265.99,10747.8,567.11,119.6,0.6,43.1,72.05,-42.91,1480.9,65.1,55.0,26.11,8.2,3941.3,4.1,246.696,195.156,51.54,-70.435,0,24.3086,0
"11.6",267.12,10832.7,567.13,119.39,0.6,43.4,72.05,-42.39,1476.5,95.1,55.0,26.06,8.2,4841.9,4.09,359.729,285.165,74.564,-66.087,0,-83.4925,1
"11.7",268.31,10748.2,567.06,119.44,0.6,43.0,72.05,-41.94,1479.7,95.0,55.0,26.09,8.21,4852.3,4.14,358.872,285.144,73.728,-62.092,0,-76.9469,0
"11.8",267.99,10809.0,567.07,120.54,0.6,42.8,72.05,-42.21,1481.7,65.0,55.0,26.09,8.21,3952.9,4.2,245.515,195.108,50.407,-63.87,0,35.7047,0
"11.9",267.66,10866.8,567.03,119.08,0.6,43.3,72.05,-42.46,1478.1,65.0,55.0,26.09,8.21,3937.8,4.05,247.243,195.126,52.117,-65.457,0,30.3432,0
"12.0",267.34,10770.2,567.11,119.55,0.6,42.7,72.05,-42.71,1477.8,65.0,55.0,26.1,8.21,3963.0,4.13,246.32,195.114,51.206,-67.093,0,29.5322,0
"12.1",267.11,10796.2,567.07,119.57,0.6,42.7,72.05,-42.95,1478.8,65.0,55.0,26.1,8.21,3951.3,4.15,246.036,195.078,50.958,-68.466,0,27.9947,0
"12.2",266.82,10800.9,567.07,120.28,0.6,42.9,72.05,-43.18,1479.3,65.0,55.0,26.13,8.21,3964.0,4.15,246.052,195.081,50.971,-69.967,0,26.6682,0
"12.3",267.99,10787.1,567.01,120.33,0.6,43.1,72.05,-42.76,1479.9,95.0,55.0,26.1,8.21,4857.8,4.18,358.028,284.991,73.037,-65.875,0,-80.133,1
"12.4",269.15,10782.9,567.11,119.97,0.6,42.8,72.06,-42.34,1479.9,95.0,55.0,26.17,8.22,4852.9,4.12,358.979,284.961,74.018,-61.801,0,-75.8,0
"12.5",268.84,10810.1,567.03,120.09,0.6,43.3,72.06,-42.59,1481.2,65.0,55.0,26.14,8.22,3941.1,4.15,245.929,195.0,50.929,-63.683,0,35.4922,0
"12.6",268.48,10760.3,567.09,120.18,0.6,42.7,72.06,-42.84,1477.9,65.0,55.0,26.15,8.22,3931.7,4.06,247.025,195.051,51.974,-65.403,0,32.1585,0
"12.7",268.12,10788.1,566.93,120.65,0.601,43.4,72.06,-43.07,1480.1,65.0,55.0,26.18,8.22,3934.2,4.18,245.667,195.066,50.601,-66.878,0,31.9265,0
"12.8",267.86,10768.3,566.99,119.63,0.6,43.6,72.06,-43.3,1480.6,65.0,55.0,26.11,8.22,3950.8,4.15,246.073,195.108,50.965,-68.282,0,28.6077,0
"12.9",267.62,10789.9,567.08,121.02,0.6,43.3,72.06,-43.52,1479.8,65.0,55.0,26.13,8.22,3947.7,4.11,246.55,195.126,51.424,-69.905,0,27.4317,0
"13.0",268.7,10782.0,567.12,119.83,0.6,43.4,72.06,-43.06,1482.1,95.0,55.0,26.13,8.22,4856.7,4.13,359.039,285.141,73.898,-65.679,0,-81.039,1
"13.1",269.82,10778.2,566.93,120.46,0.6,42.6,72.06,-42.72,1481.4,95.0,55.0,26.15,8.22,4851.5,4.22,357.472,285.069,72.403,-61.809,0,-73.5136,0
"13.2",269.57,10785.6,567.02,120.27,0.601,43.3,72.06,-42.96,1481.3,65.0,55.0,26.16,8.23,3956.5,4.22,245.221,195.045,50.176,-63.805,0,36.628,0
"13.3",269.36,10785.7,567.04,119.34,0.601,42.9,72.06,-43.19,1480.3,65.0,55.0,26.17,8.23,3950.0,4.11,246.559,195.132,51.427,-65.391,0,32.3201,0
"13.4",269.06,10765.3,567.11,120.13,0.601,43.2,72.06,-43.42,1478.9,65.0,55.0,26.18,8.23,3951.1,4.13,246.338,195.138,51.2,-66.992,0,31.214,0
"13.5",268.74,10719.8,567.02,120.32,0.601,43.2,72.06,-43.63,1479.8,65.0,55.0,26.12,8.23,3965.0,4.15,246.132,195.144,50.988,-68.507,0,29.5534,0
"13.6",268.46,10739.5,567.04,120.37,0.601,42.9,72.06,-43.84,1481.2,65.0,55.0,26.14,8.23,3935.8,4.11,246.53,195.12,51.41,-69.845,0,27.3848,0
"13.7",269.58,10735.5,566.96,120.2,0.601,43.1,72.06,-43.4,1480.4,95.0,55.0,26.18,8.23,4837.5,4.11,359.274,285.075,74.199,-66.024,0,-80.7166,1
"13.8",270.72,10746.6,566.99,120.9,0.601,43.2,72.06,-43.02,1481.8,95.0,55.0,26.19,8.23,4849.3,4.08,359.814,285.09,74.724,-62.08,0,-75.0924,0
"13.9",270.45,10750.3,566.99,120.62,0.601,42.7,72.06,-43.25,1479.9,65.0,55.0,26.16,8.23,3943.2,4.17,245.888,195.147,50.741,-63.852,0,36.8451,0
"14.0",270.12,10793.6,566.99,120.25,0.601,43.0,72.06,-43.47,1479.1,65.0,55.0,26.22,8.23,3958.3,4.19,245.657,195.129,50.528,-65.735,0,34.2794,0
"14.1",269.73,10724.1,567.01,119.75,0.601,43.3,72.07,-43.69,1480.4,65.1,55.0,26.16,8.23,3952.1,4.12,246.498,195.174,51.324,-67.012,0,31.0518,0
"14.2",269.39,10779.8,567.03,119.52,0.6,42.8,72.07,-43.89,1480.9,65.0,55.0,26.17,8.23,3952.0,4.12,246.431,195.12,51.311,-68.651,0,28.7054,0
"14.3",269.1,10745.6,566.98,120.16,0.6,43.3,72.07,-44.09,1478.5,65.0,55.0,26.16,8.24,3964.3,4.19,245.582,195.063,50.519,-70.28,0,28.0806,0
"14.4",270.06,10718.9,566.97,119.28,0.6,42.9,72.07,-43.7,1479.8,95.0,55.0,26.19,8.24,4872.4,4.23,357.311,285.051,72.26,-66.023,0,-79.4777,1
"14.5",271.1,10772.3,567.0,119.1,0.6,43.1,72.07,-43.29,1478.4,95.0,55.0,26.17,8.24,4856.5,4.12,359.091,285.048,74.043,-62.053,0,-76.028,0
"14.6",270.86,10719.4,567.0,121.04,0.6,43.4,72.07,-43.51,1480.8,65.0,55.0,26.2,8.24,3936.5,4.15,245.973,195.039,50.934,-64.156,0,37.0394,0
"14.7",270.62,10786.3,567.01,120.03,0.6,42.8,72.07,-43.72,1481.0,65.0,55.0,26.15,8.24,3962.7,4.11,246.565,195.126,51.439,-65.695,0,33.4335,0
"14.8",270.33,10771.6,566.91,119.52,0.6,43.2,72.07,-43.92,1478.3,65.0,55.0,26.14,8.24,3945.7,4.14,246.181,195.108,51.073,-67.229,0,31.284,0
"14.9",270.04,10821.9,566.99,120.49,0.6,43.0,72.07,-44.12,1478.3,65.0,55.0,26.17,8.24,3950.4,4.08,246.879,195.108,51.771,-68.807,0,29.4814,0
"15.0",269.88,10756.2,567.0,120.45,0.6,43.4,72.07,-44.32,1478.7,65.0,55.0,26.17,8.24,3950.2,4.08,246.905,195.129,51.776,-70.179,0,27.6916,0
"15.1",269.51,10789.9,567.07,120.18,0.6,43.0,72.07,-44.5,1479.5,65.0,55.0,26.19,8.24,3943.2,4.17,245.892,195.15,50.742,-71.67,0,26.3979,0
"15.2",270.7,10778.7,566.92,119.77,0.6,43.0,72.07,-44.07,1480.7,95.1,55.0,26.22,8.25,4840.4,4.13,359.105,285.207,73.898,-67.589,0,-82.0901,1
"15.3",271.82,10752.0,566.99,119.72,0.601,42.8,72.07,-43.69,1480.0,95.1,55.0,26.19,8.25,4865.1,4.12,359.245,285.165,74.08,-63.551,0,-76.7376,0
"15.4",271.4,10716.4,567.04,120.47,0.601,42.6,72.07,-43.89,1479.9,65.1,55.0,26.2,8.25,3954.2,4.17,245.985,195.216,50.769,-65.365,0,35.4023,0
"15.5",271.06,10788.9,566.91,120.4,0.601,43.4,72.07,-44.09,1480.4,65.1,55.0,26.18,8.25,3951.8,4.08,246.951,195.165,51.786,-67.089,0,32.0933,0
"15.6",270.71,10716.6,566.93,119.9,0.601,43.5,72.07,-44.29,1481.0,65.1,55.0,26.2,8.25,3961.9,4.08,246.961,195.165,51.796,-68.434,0,29.6902,0
"15.7",270.28,10697.0,567.01,120.62,0.601,42.8,72.08,-44.47,1479.8,65.0,55.0,26.2,8.25,3922.5,4.18,245.718,195.117,50.601,-69.917,0,29.5596,0
"15.8",269.93,10790.9,567.0,119.23,0.601,42.5,72.08,-44.66,1480.2,65.0,55.0,26.21,8.25,3951.3,4.11,246.527,195.105,51.422,-71.288,0,25.4537,0
"15.9",269.59,10768.0,566.91,120.4,0.601,42.7,72.08,-44.83,1479.9,65.0,55.0,26.22,8.25,3959.3,4.23,245.081,195.018,50.063,-72.518,0,26.3371,0
"16.0",270.72,10760.7,566.93,120.15,0.601,43.1,72.08,-44.42,1479.8,95.0,55.0,26.19,8.26,4859.9,4.16,358.44,285.057,73.383,-68.435,0,-82.219,1
"16.1",271.89,10791.5,566.94,120.45,0.601,43.1,72.08,-44.03,1479.8,95.0,55.0,26.24,8.26,4855.3,4.07,359.947,285.054,74.893,-64.349,0,-77.7903,0
"16.2",271.59,10758.9,566.94,119.36,0.601,43.2,72.08,-44.23,1480.9,65.0,55.0,26.23,8.26,3939.8,4.13,246.185,195.024,51.161,-66.144,0,33.1681,0
"16.3",271.28,10770.3,566.88,119.72,0.601,42.8,72.08,-44.41,1479.7,65.0,55.0,26.2,8.26,3936.1,4.08,246.73,195.0,51.73,-67.568,0,31.0533,0
"16.4",270.88,10757.8,566.99,120.26,0.601,43.2,72.08,-44.6,1478.8,65.0,55.0,26.25,8.26,3954.6,4.22,245.252,195.072,50.18,-69.322,0,30.7383,0
"16.5",270.55,10791.3,566.98,119.81,0.601,43.1,72.08,-44.77,1479.2,65.0,55.0,26.19,8.26,3972.4,4.08,246.886,195.096,51.79,-70.689,0,26.7775,0
"16.6",270.32,10734.7,566.91,119.51,0.601,43.5,72.08,-44.95,1479.5,65.1,55.0,26.19,8.26,3968.1,4.21,245.557,195.219,50.338,-72.08,0,26.0173,0
"16.7",271.42,10742.2,566.96,120.08,0.601,43.2,72.08,-44.56,1478.6,95.1,55.0,26.25,8.26,4846.4,4.17,358.426,285.189,73.237,-67.867,0,-81.1462,1
"16.8",272.63,10735.9,566.92,120.58,0.601,43.3,72.08,-44.23,1479.7,95.1,55.0,26.21,8.27,4851.6,4.15,358.75,285.18,73.57,-63.894,0,-75.452,0
"16.9",272.3,10711.9,566.97,120.94,0.601,42.9,72.08,-44.41,1478.5,65.0,55.0,26.26,8.27,3946.4,4.16,245.985,195.132,50.853,-65.674,0,35.9357,0
"17.0",272.0,10797.2,566.92,119.78,0.601,43.2,72.08,-44.6,1480.4,65.0,55.0,26.21,8.27,3950.2,4.18,245.746,195.117,50.629,-67.573,0,32.6308,0
"17.1",271.65,10720.8,566.89,119.18,0.601,42.7,72.08,-44.77,1478.6,65.0,55.0,26.22,8.27,3951.2,4.09,246.77,195.114,51.656,-68.893,0,29.1609,0
"17.2",271.35,10763.4,566.91,119.2,0.601,43.2,72.08,-44.95,1481.6,65.0,55.0,26.22,8.27,3946.1,4.18,245.72,195.099,50.621,-70.518,0,28.1321,0
"17.3",271.04,10767.3,566.9,119.73,0.601,43.0,72.09,-45.11,1480.7,65.0,55.0,26.23,8.27,3966.9,4.06,247.09,195.075,52.015,-71.669,0,25.6587,0
"17.4",271.99,10757.4,566.9,120.17,0.601,43.0,72.09,-44.75,1480.2,95.0,55.0,26.23,8.27,4836.2,4.17,358.234,285.042,73.192,-67.822,0,-80.4339,1
"17.5",273.12,10764.3,566.93,119.61,0.601,42.8,72.09,-44.36,1479.3,95.0,55.0,26.23,8.27,4850.6,4.08,359.752,285.039,74.713,-63.641,0,-76.8272,0
"17.6",272.79,10735.7,566.88,120.65,0.601,42.9,72.09,-44.55,1479.8,65.0,55.0,26.26,8.27,3947.8,4.14,246.116,195.054,51.062,-65.509,0,36.0383,0
"17.7",272.51,10761.2,566.86,120.2,0.601,42.4,72.09,-44.72,1479.8,65.1,55.0,26.23,8.27,3952.3,4.21,245.46,195.153,50.307,-67.36,0,33.9409,0
"17.8",272.18,10731.9,567.03,120.41,0.601,42.8,72.09,-44.9,1477.6,65.1,55.0,26.26,8.27,3968.7,4.12,246.489,195.153,51.336,-68.935,0,31.0417,0
"17.9",271.9,10814.5,566.79,119.84,0.601,42.6,72.09,-45.06,1480.9,65.0,55.0,26.2,8.27,3945.2,4.14,246.143,195.078,51.065,-70.34,0,28.9623,0
"18.0",271.54,10779.0,566.94,120.93,0.601,42.6,72.09,-45.23,1480.9,65.0,55.0,26.28,8.27,3954.1,4.21,245.376,195.084,50.292,-71.792,0,28.8505,0
"18.1",272.57,10747.8,566.9,120.4,0.601,42.8,72.09,-44.9,1479.5,95.0,55.0,26.24,8.28,4846.9,4.2,357.782,285.063,72.719,-67.935,0,-79.43,1
"18.2",273.68,10761.8,566.81,120.11,0.601,43.3,72.09,-44.58,1479.4,95.0,55.0,26.26,8.28,4854.3,4.15,358.682,285.123,73.559,-64.09,0,-75.3509,0
"18.3",273.28,10755.4,567.02,120.2,0.601,43.2,72.09,-44.75,1481.0,65.0,55.0,26.27,8.28,3961.2,4.02,247.577,195.087,52.49,-65.782,0,34.1277,0
"18.4",272.91,10759.1,566.95,120.5,0.601,43.0,72.09,-44.93,1480.5,65.0,55.0,26.3,8.28,3932.6,4.15,246.014,195.075,50.939,-67.306,0,33.9315,0
"18.5",272.55,10734.5,566.92,119.61,0.601,43.6,72.09,-45.09,1480.5,65.0,55.0,26.27,8.28,3938.1,4.24,245.07,195.114,49.956,-69.116,0,31.6562,0
"18.6",272.26,10725.7,566.94,120.12,0.601,43.0,72.09,-45.25,1479.1,65.0,55.0,26.23,8.28,3948.9,4.13,246.261,195.078,51.183,-70.485,0,29.1532,0
"18.7",271.9,10756.7,566.87,120.33,0.601,42.8,72.09,-45.41,1479.6,65.0,55.0,26.26,8.28,3964.8,4.12,246.466,195.138,51.328,-71.79,0,27.3353,0
"18.8",273.06,10709.5,566.96,118.95,0.601,42.9,72.09,-44.98,1480.1,95.0,55.0,26.23,8.28,4854.7,4.09,359.641,285.084,74.557,-67.882,0,-82.2961,1
"18.9",274.13,10688.9,566.79,120.76,0.601,43.0,72.1,-44.68,1479.6,95.0,55.0,26.26,8.29,4853.1,4.12,359.173,285.117,74.056,-63.869,0,-74.6275,0
"19.0",273.82,10816.6,566.85,120.0,0.601,43.0,72.1,-44.85,1479.7,65.0,55.0,26.27,8.29,3938.9,4.08,246.845,195.09,51.755,-65.86,0,35.031,0
"19.1",273.53,10780.4,566.76,120.3,0.601,43.5,72.1,-45.02,1479.0,65.0,55.0,26.28,8.29,3936.6,4.22,245.271,195.102,50.169,-67.324,0,34.984,0
"19.2",273.05,10758.9,566.77,120.06,0.601,42.4,72.1,-45.18,1479.9,65.0,55.0,26.28,8.29,3957.2,4.03,247.494,195.12,52.374,-68.812,0,30.3843,0
"19.3",272.8,10793.6,566.8,120.16,0.601,43.8,72.1,-45.34,1477.6,65.0,55.0,26.26,8.29,3957.3,4.11,246.559,195.126,51.433,-70.43,0,29.3917,0
"19.4",272.45,10784.3,566.88,119.9,0.601,43.6,72.1,-45.49,1478.6,65.0,55.0,26.28,8.29,3958.6,4.05,247.29,195.147,52.143,-71.833,0,26.495,0
"19.5",273.5,10711.2,566.91,120.74,0.6,42.7,72.1,-45.12,1479.0,95.1,55.0,26.24,8.29,4866.0,4.08,359.995,285.222,74.773,-67.789,0,-80.4733,1
"19.6",274.55,10713.0,566.91,119.29,0.6,43.3,72.1,-44.79,1479.9,95.1,55.0,26.27,8.29,4847.6,4.14,358.889,285.162,73.727,-63.805,0,-75.4435,0
"19.7",274.23,10694.3,566.88,120.37,0.6,42.9,72.1,-44.96,1479.4,65.1,55.0,26.28,8.29,3952.6,4.11,246.637,195.192,51.445,-65.543,0,36.223,0
"19.8",273.95,10729.6,566.85,119.12,0.6,43.0,72.1,-45.13,1480.7,65.1,55.0,26.3,8.29,3958.6,4.04,247.469,195.195,52.274,-67.314,0,31.9181,0
"19.9",273.59,10747.9,566.88,120.34,0.6,43.1,72.1,-45.29,1480.0,65.0,55.0,26.27,8.29,3957.7,4.15,246.046,195.081,50.965,-69.174,0,32.1918,0
"20.0",273.27,10731.3,566.88,120.51,0.6,42.8,72.1,-45.44,1478.9,65.0,55.0,26.25,8.29,3956.5,4.11,246.35,194.958,51.392,-70.543,0,30.2159,0
"20.1",272.94,10705.6,566.86,120.36,0.6,43.4,72.1,-45.59,1480.7,65.0,55.0,26.26,8.29,3951.8,4.1,246.464,194.961,51.503,-72.043,0,27.967,0
"20.2",272.59,10756.1,566.79,119.96,0.6,43.1,72.1,-45.74,1479.5,65.0,55.0,26.3,8.29,3949.1,4.12,246.108,194.862,51.246,-73.427,0,26.0525,0
"20.3",273.64,10729.2,566.88,120.07,0.6,43.0,72.1,-45.34,1479.6,94.9,55.0,26.27,8.3,4863.8,4.05,359.987,284.802,75.185,-69.167,0,-82.5897,1
"20.4",274.63,10766.5,566.83,120.46,0.6,43.0,72.1,-45.04,1480.4,94.9,55.0,26.28,8.3,4837.1,4.11,358.9,284.775,74.125,-65.349,0,-75.9946,0
"20.5",274.31,10793.7,566.8,120.01,0.6,42.9,72.11,-45.2,1480.1,64.9,55.0,26.33,8.3,3949.0,4.19,245.169,194.742,50.427,-67.029,0,35.6938,0
"20.6",274.04,10732.3,566.84,120.21,0.6,42.9,72.11,-45.36,1480.1,64.9,55.0,26.3,8.3,3946.4,4.09,246.232,194.685,51.547,-68.709,0,32.7199,0
"20.7",273.71,10771.9,566.74,120.21,0.6,43.1,72.11,-45.51,1480.5,64.9,55.0,26.33,8.3,3945.3,4.15,245.539,194.682,50.857,-70.268,0,31.376,0
"20.8",273.41,10797.2,566.83,121.28,0.6,42.7,72.11,-45.66,1479.8,64.9,55.0,26.28,8.3,3949.6,4.07,246.487,194.7,51.787,-71.659,0,29.6465,0
"20.9",273.17,10785.2,566.85,119.22,0.6,43.0,72.11,-45.8,1478.9,64.9,55.0,26.27,8.3,3952.7,4.08,246.384,194.709,51.675,-73.115,0,25.8592,0
"21.0",272.76,10802.0,566.81,119.38,0.6,43.0,72.11,-45.94,1478.8,64.9,55.0,26.27,8.3,3956.0,4.14,245.696,194.709,50.987,-74.591,0,24.6821,0
"21.1",273.83,10790.1,566.73,120.86,0.6,43.1,72.11,-45.59,1479.9,94.9,55.0,26.32,8.3,4834.5,4.07,359.377,284.613,74.764,-70.239,0,-82.318,1
"21.2",274.92,10768.8,566.9,120.09,0.6,42.3,72.11,-45.27,1479.2,94.9,55.0,26.28,8.3,4842.0,4.08,359.25,284.643,74.607,-66.21,0,-77.5169,0
"21.3",274.52,10750.6,566.83,120.28,0.6,42.7,72.11,-45.42,1480.8,64.9,55.0,26.3,8.3,3946.7,4.15,245.499,194.649,50.85,-68.125,0,34.5195,0
"21.4",274.31,10715.3,566.78,119.07,0.6,43.3,72.11,-45.58,1480.5,64.9,55.0,26.3,8.3,3932.7,4.2,244.949,194.667,50.282,-69.509,0,32.1221,0
"21.5",273.95,10695.9,566.85,119.62,0.6,43.0,72.11,-45.72,1479.6,64.9,55.0,26.3,8.3,3948.9,4.09,246.171,194.634,51.537,-71.152,0,29.2956,0
"21.6",273.62,10759.8,566.69,120.07,0.6,42.6,72.11,-45.86,1480.1,64.9,55.0,26.3,8.3,3929.1,4.14,245.651,194.694,50.957,-72.524,0,28.4255,0
"21.7",273.37,10765.7,566.87,120.04,0.6,42.9,72.11,-46.0,1477.7,64.9,55.0,26.31,8.3,3944.9,4.05,246.745,194.721,52.024,-73.891,0,25.5443,0
"21.8",273.06,10686.5,566.73,118.96,0.6,43.5,72.11,-46.13,1480.0,64.9,55.0,26.27,8.3,3935.5,4.1,246.116,194.694,51.422,-75.054,0,23.4932,0
"21.9",273.95,10795.9,566.72,121.5,0.6,42.8,72.11,-45.81,1480.1,94.9,55.0,26.29,8.31,4854.9,4.1,359.009,284.712,74.297,-70.996,0,-82.1564,1
"22.0",275.0,10739.1,566.77,120.4,0.6,42.8,72.11,-45.5,1480.6,94.9,55.0,26.3,8.31,4832.7,4.09,359.134,284.694,74.44,-66.899,0,-77.9248,0
"22.1",274.66,10734.9,566.83,119.65,0.6,42.8,72.12,-45.65,1479.4,64.9,55.0,26.32,8.31,3941.1,4.08,246.261,194.619,51.642,-68.63,0,32.5431,0
"22.2",274.26,10739.8,566.77,120.04,0.6,43.0,72.12,-45.79,1480.3,64.9,55.0,26.31,8.31,3944.0,4.08,246.23,194.592,51.638,-70.059,0,30.9925,0
"22.3",273.88,10770.0,566.73,120.31,0.6,43.2,72.12,-45.92,1479.8,64.9,55.0,26.31,8.31,3944.0,4.06,246.48,194.604,51.876,-71.665,0,28.8824,0
"22.4",273.45,10738.9,566.7,119.26,0.6,42.8,72.12,-46.06,1479.3,64.9,55.0,26.35,8.31,3956.8,4.11,245.943,194.631,51.312,-73.112,0,26.3666,0
"22.5",273.24,10759.4,566.74,119.53,0.6,42.9,72.12,-46.19,1478.8,64.9,55.0,26.29,8.31,3942.5,4.09,246.119,194.598,51.521,-74.256,0,24.9725,0
"22.6",274.34,10755.7,566.78,119.86,0.6,42.6,72.12,-45.85,1478.8,94.8,55.0,26.31,8.31,4836.9,4.12,358.438,284.538,73.9,-70.185,0,-82.0586,1
"22.7",275.37,10749.7,566.82,120.25,0.6,43.1,72.12,-45.58,1479.2,94.8,55.0,26.34,8.32,4852.1,4.15,357.939,284.526,73.413,-66.169,0,-75.8607,0
"22.8",274.99,10755.5,566.78,119.13,0.6,43.2,72.12,-45.72,1480.0,64.8,55.0,26.32,8.32,3942.5,4.03,246.745,194.532,52.213,-67.944,0,32.4753,0
"22.9",274.64,10745.3,566.73,119.77,0.6,43.2,72.12,-45.86,1478.8,64.8,55.0,26.34,8.32,3933.3,4.15,245.285,194.487,50.798,-69.565,0,32.4678,0
"23.0",274.4,10764.9,566.77,120.45,0.6,43.0,72.12,-46.0,1480.6,64.8,55.0,26.32,8.32,3950.5,4.18,244.984,194.502,50.482,-71.206,0,31.4383,0
"23.1",273.89,10765.2,566.78,119.7,0.6,43.0,72.12,-46.13,1478.6,64.8,55.0,26.32,8.32,3945.8,4.0,247.062,194.493,52.569,-72.301,0,26.8592,0
"23.2",273.6,10784.5,566.77,119.38,0.6,42.6,72.12,-46.26,1480.6,64.8,55.0,26.29,8.32,3952.3,4.08,246.089,194.472,51.617,-73.978,0,25.429,0
"23.3",273.3,10749.6,566.74,119.42,0.6,43.0,72.12,-46.38,1478.8,64.8,55.0,26.3,8.32,3948.7,4.1,245.771,194.406,51.365,-74.951,0,24.3877,0
"23.4",274.25,10751.7,566.71,120.32,0.6,42.9,72.12,-46.07,1480.8,94.8,55.0,26.31,8.32,4840.7,4.15,357.763,284.394,73.369,-70.892,0,-81.9438,1
"23.5",275.42,10710.4,566.72,120.19,0.6,43.0,72.12,-45.77,1477.0,94.8,55.0,26.33,8.32,4842.5,4.11,358.473,284.427,74.046,-66.8,0,-77.2332,0
"23.6",275.04,10742.2,566.85,119.79,0.6,43.0,72.13,-45.91,1479.9,64.8,55.0,26.34,8.32,3946.9,4.02,246.739,194.427,52.312,-68.662,0,32.2788,0
"23.7",274.5,10747.8,566.73,120.05,0.6,43.0,72.13,-46.05,1479.8,64.8,55.0,26.35,8.32,3947.2,4.11,245.609,194.37,51.239,-70.156,0,31.5108,0
"23.8",274.08,10702.1,566.79,119.94,0.6,43.1,72.13,-46.17,1480.1,64.8,55.0,26.34,8.32,3936.2,4.19,244.684,194.361,50.323,-71.722,0,30.2157,0
"23.9",273.75,10771.3,566.78,120.05,0.6,43.0,72.13,-46.3,1479.4,64.8,55.0,26.33,8.32,3940.4,4.09,245.826,194.364,51.462,-72.99,0,27.4522,0
"24.0",273.35,10703.5,566.86,120.35,0.6,43.7,72.13,-46.42,1480.6,64.8,55.0,26.32,8.32,3927.9,4.13,245.324,194.34,50.984,-74.617,0,26.1114,0
"24.1",274.54,10762.3,566.78,120.33,0.6,42.8,72.13,-46.07,1480.5,94.8,55.0,26.42,8.32,4837.6,4.06,359.205,284.334,74.871,-70.313,0,-82.5165,1
"24.2",275.52,10693.2,566.8,120.12,0.6,43.0,72.13,-45.76,1479.2,94.8,55.0,26.38,8.33,4832.0,4.07,359.087,284.382,74.705,-66.129,0,-77.1296,0
"24.3",275.06,10744.6,566.71,120.96,0.6,42.9,72.13,-45.9,1480.2,64.8,55.0,26.34,8.33,3938.7,4.13,245.282,194.298,50.984,-67.992,0,35.6205,0
"24.4",274.75,10770.4,566.77,119.23,0.6,43.0,72.13,-46.03,1480.3,64.8,55.0,26.33,8.33,3954.7,4.14,245.136,194.259,50.877,-69.691,0,31.892,0
"24.5",274.31,10792.9,566.79,119.93,0.6,42.6,72.13,-46.16,1479.8,64.7,55.0,26.39,8.33,3935.4,4.11,245.433,194.238,51.195,-71.326,0,30.09,0
"24.6",273.97,10701.6,566.75,119.5,0.6,43.2,72.13,-46.29,1479.8,64.8,55.0,26.35,8.33,3952.2,4.18,244.733,194.298,50.435,-72.91,0,28.3193,0
"24.7",273.65,10747.2,566.77,119.25,0.6,43.1,72.13,-46.41,1477.8,64.8,55.0,26.36,8.33,3940.8,4.07,245.978,194.298,51.68,-74.026,0,25.2616,0
"24.8",273.5,10731.7,566.62,120.29,0.6,42.6,72.13,-46.53,1477.8,64.8,55.0,26.31,8.33,3942.1,4.11,245.529,194.31,51.219,-75.289,0,25.2131,0
"24.9",274.43,10720.8,566.75,119.32,0.6,43.1,72.13,-46.13,1480.2,94.8,55.0,26.33,8.33,4832.6,4.05,359.361,284.325,75.036,-71.047,0,-84.5807,1
"25.0",275.45,10788.2,566.71,119.74,0.6,43.0,72.13,-45.86,1478.9,94.8,55.0,26.32,8.33,4853.5,4.19,357.122,284.394,72.728,-67.027,0,-76.6083,0
"25.1",275.0,10715.9,566.8,120.1,0.6,43.5,72.13,-46.0,1480.3,64.8,55.0,26.32,8.33,3932.9,4.13,245.373,194.376,50.997,-68.691,0,33.8082,0
"25.2",274.66,10729.1,566.72,120.34,0.6,43.4,72.14,-46.13,1478.9,64.8,55.0,26.31,8.33,3930.1,4.11,245.633,194.403,51.23,-70.365,0,31.6463,0
"25.3",274.35,10733.5,566.74,120.62,0.599,42.5,72.14,-46.26,1480.7,64.8,55.0,26.38,8.33,3958.1,4.12,245.636,194.475,51.161,-71.82,0,30.026,0
"25.4",273.99,10752.7,566.78,120.78,0.6,42.9,72.14,-46.38,1480.9,64.8,55.0,26.32,8.33,3932.6,4.11,245.807,194.541,51.266,-73.417,0,27.9324,0
"25.5",273.7,10736.0,566.7,119.49,0.6,42.9,72.14,-46.5,1479.4,64.8,55.0,26.35,8.33,3943.9,4.09,246.05,194.541,51.509,-74.827,0,24.5818,0
"25.6",273.45,10750.4,566.68,119.46,0.599,42.6,72.14,-46.61,1481.1,64.8,55.0,26.33,8.33,3949.6,4.09,246.041,194.529,51.512,-75.758,0,23.2723,0
"25.7",274.53,10726.7,566.82,120.52,0.599,42.8,72.14,-46.27,1479.5,94.8,55.0,26.38,8.33,4828.1,4.09,358.89,284.502,74.388,-71.543,0,-83.4466,1
"25.8",275.68,10717.2,566.57,119.78,0.599,42.5,72.14,-45.96,1480.1,94.8,55.0,26.34,8.34,4855.8,4.1,358.76,284.511,74.249,-67.504,0,-78.5529,0
"25.9",275.3,10732.2,566.75,119.96,0.6,42.9,72.14,-46.09,1479.7,64.9,55.0,26.38,8.34,3950.0,4.06,246.437,194.565,51.872,-69.056,0,32.4455,0
"26.0",274.92,10695.4,566.75,120.27,0.6,43.3,72.14,-46.22,1478.9,64.9,55.0,26.36,8.34,3946.3,4.05,246.601,194.604,51.997,-70.793,0,30.3454,0
"26.1",274.55,10717.7,566.76,119.74,0.6,43.2,72.14,-46.34,1478.8,64.9,55.0,26.35,8.34,3949.7,4.11,245.932,194.628,51.304,-72.215,0,28.5746,0
"26.2",274.16,10748.8,566.73,120.51,0.6,42.9,72.14,-46.46,1479.7,64.9,55.0,26.33,8.34,3955.0,4.1,246.02,194.601,51.419,-73.816,0,27.1389,0
"26.3",273.81,10767.0,566.74,119.54,0.6,42.7,72.14,-46.58,1480.9,64.8,55.0,26.35,8.34,3938.0,4.12,245.698,194.541,51.157,-74.917,0,24.9307,0
"26.4",273.48,10736.6,566.63,119.48,0.6,43.0,72.14,-46.69,1479.9,64.8,55.0,26.36,8.34,3941.7,4.14,245.481,194.547,50.934,-76.041,0,23.521,0
"26.5",273.11,10769.4,566.77,119.73,0.6,43.2,72.14,-46.8,1479.9,64.8,55.0,26.36,8.34,3938.0,4.12,245.705,194.547,51.158,-77.306,0,21.8036,0
"26.6",274.31,10712.8,566.78,119.81,0.6,43.2,72.14,-46.45,1478.4,94.9,55.0,26.39,8.34,4839.1,4.16,357.828,284.58,73.248,-72.789,0,-84.7445,1
"26.7",275.26,10727.4,566.7,119.19,0.6,42.8,72.14,-46.06,1481.2,94.8,55.0,26.38,8.34,4842.1,4.03,359.981,284.535,75.446,-68.678,0,-82.0723,0
"26.8",274.94,10745.2,566.74,119.13,0.599,42.9,72.15,-46.19,1479.5,64.8,55.0,26.37,8.34,3956.5,4.12,245.671,194.505,51.166,-70.262,0,30.7161,0
"26.9",274.5,10730.5,566.75,119.16,0.599,42.5,72.15,-46.31,1478.2,64.8,55.0,26.36,8.34,3955.5,4.05,246.513,194.526,51.987,-71.592,0,28.0044,0
"27.0",274.14,10704.5,566.76,120.91,0.6,43.1,72.15,-46.44,1478.4,64.8,55.0,26.35,8.34,3954.3,4.1,245.885,194.493,51.392,-73.183,0,28.3186,0
"27.1",273.75,10769.0,566.71,120.77,0.6,43.0,72.15,-46.55,1479.3,64.8,55.0,26.41,8.34,3949.2,4.07,246.192,194.463,51.729,-74.671,0,25.8725,0
"27.2",273.35,10725.3,566.79,121.24,0.6,42.8,72.15,-46.67,1481.8,64.8,55.0,26.38,8.34,3936.1,4.14,245.263,194.376,50.887,-75.718,0,25.7191,0
"27.3",273.06,10723.7,566.66,120.53,0.6,42.5,72.15,-46.77,1477.9,64.8,55.0,26.36,8.34,3918.1,4.1,245.658,194.34,51.318,-77.032,0,22.8918,0
"27.4",274.12,10711.2,566.66,119.64,0.6,42.7,72.15,-46.43,1477.6,94.8,55.0,26.37,8.34,4830.7,4.16,357.499,284.322,73.177,-72.344,0,-84.3044,1
"27.5",275.11,10745.5,566.67,120.09,0.6,42.7,72.15,-46.12,1480.7,94.8,55.0,26.39,8.35,4833.7,4.11,358.39,284.367,74.023,-68.586,0,-79.6849,0
"27.6",274.85,10726.9,566.71,120.2,0.6,42.7,72.15,-46.24,1479.5,64.8,55.0,26.38,8.34,3935.7,4.16,245.018,194.361,50.657,-70.11,1,32.4504,0
"27.7",274.4,10739.1,566.75,120.4,0.6,42.5,72.15,-46.37,1479.7,64.8,55.0,26.41,8.34,3928.3,4.04,246.425,194.382,52.043,-71.903,1,28.8757,0
"27.8",274.05,10681.8,566.72,120.56,0.6,42.7,72.15,-46.48,1480.2,64.8,55.0,26.36,8.34,3937.7,4.12,245.552,194.424,51.128,-73.049,1,28.2938,0
"27.9",273.52,10791.7,566.76,120.7,0.6,42.8,72.15,-46.6,1478.4,64.8,55.0,26.37,8.34,3945.5,4.14,245.336,194.427,50.909,-74.513,1,26.5414,0
"28.0",273.19,10749.9,566.65,121.11,0.6,43.7,72.15,-46.71,1480.2,64.8,55.0,26.37,8.34,3945.1,4.12,245.585,194.445,51.14,-75.903,1,24.8727,0
"28.1",272.91,10701.0,566.76,119.69,0.6,42.8,72.15,-46.82,1481.1,64.8,55.0,26.36,8.34,3933.0,4.09,246.035,194.538,51.497,-76.934,1,21.577,0
"28.2",274.02,10756.9,566.73,119.33,0.6,43.5,72.15,-46.41,1480.4,94.8,55.0,26.38,8.35,4847.0,4.08,359.132,284.544,74.588,-72.431,1,-86.4165,1
"28.3",275.09,10706.1,566.7,119.58,0.6,42.7,72.16,-46.1,1477.3,94.9,55.0,26.39,8.35,4849.9,4.17,357.686,284.589,73.097,-68.484,1,-79.3879,0
"28.4",274.79,10728.8,566.64,119.04,0.6,42.3,72.16,-46.23,1477.9,64.9,55.0,26.39,8.35,3943.1,4.02,246.922,194.577,52.345,-69.907,1,29.5446,0
"28.5",274.39,10704.5,566.62,120.15,0.6,43.0,72.16,-46.35,1481.1,64.8,55.0,26.42,8.35,3959.8,4.06,246.384,194.514,51.87,-71.431,1,29.1483,0
"28.6",274.02,10729.6,566.73,119.98,0.6,42.7,72.16,-46.47,1479.2,64.8,55.0,26.36,8.35,3956.0,4.08,246.078,194.46,51.618,-72.75,1,27.4782,0
"28.7",273.6,10752.2,566.7,119.6,0.6,43.2,72.16,-46.58,1478.5,64.8,55.0,26.39,8.35,3945.6,4.2,244.761,194.505,50.256,-74.353,1,26.2755,0
"28.8",273.23,10784.6,566.58,120.28,0.6,43.2,72.16,-46.7,1481.8,64.8,55.0,26.37,8.35,3945.1,4.08,246.123,194.505,51.618,-75.25,1,24.2119,0
"28.9",274.36,10743.2,566.68,120.49,0.599,42.8,72.16,-46.31,1481.0,94.8,55.0,26.35,8.35,4841.3,4.04,359.783,284.517,75.266,-71.206,1,-84.2524,1
"29.0",275.47,10731.2,566.77,119.42,0.599,43.0,72.16,-46.01,1479.2,94.8,55.0,26.38,8.35,4845.3,4.15,357.917,284.514,73.403,-66.987,1,-77.8141,0
"29.1",275.08,10723.0,566.59,120.27,0.599,42.6,72.16,-46.14,1480.5,64.8,55.0,26.36,8.35,3944.0,4.02,246.822,194.496,52.326,-68.776,1,32.377,0
"29.2",274.73,10701.7,566.62,120.07,0.599,43.0,72.16,-46.27,1480.0,64.8,55.0,26.4,8.35,3937.3,4.1,245.883,194.505,51.378,-70.297,1,31.1215,0
"29.3",274.45,10708.7,566.62,119.78,0.599,43.1,72.16,-46.39,1480.2,64.8,55.0,26.41,8.35,3956.1,4.17,245.101,194.502,50.599,-71.954,1,29.5657,0
"29.4",274.09,10738.9,566.63,119.69,0.599,43.1,72.16,-46.51,1479.5,64.8,55.0,26.35,8.35,3952.9,4.18,244.931,194.457,50.474,-73.279,1,27.8386,0
"29.5",273.8,10754.7,566.68,119.94,0.599,42.9,72.16,-46.62,1479.6,64.8,55.0,26.41,8.35,3929.0,4.12,245.581,194.454,51.127,-74.531,1,25.782,0
"29.6",274.86,10754.1,566.75,119.87,0.6,43.2,72.16,-46.28,1478.8,94.8,55.0,26.36,8.35,4824.3,4.12,358.384,284.505,73.879,-70.158,1,-81.8843,1
"29.7",275.84,10746.8,566.75,119.93,0.599,43.0,72.16,-46.02,1481.0,94.8,55.0,26.4,8.36,4844.6,4.17,357.61,284.532,73.078,-66.466,1,-76.1121,0
"29.8",275.41,10737.6,566.69,120.15,0.599,43.3,72.16,-46.15,1481.0,64.9,55.0,26.41,8.36,3963.1,4.01,247.056,194.571,52.485,-68.036,1,33.0807,0
"29.9",275.03,10695.7,566.57,119.81,0.6,42.8,72.17,-46.27,1479.8,64.9,55.0,26.37,8.36,3950.1,4.12,245.792,194.607,51.185,-69.715,1,31.8267,0
"30.0",274.56,10760.0,566.6,119.66,0.6,43.1,72.17,-46.4,1479.5,64.9,55.0,26.39,8.36,3944.7,4.1,246.024,194.613,51.411,-71.397,1,29.1663,0
"30.1",274.28,10721.1,566.68,120.11,0.6,42.5,72.17,-46.52,1481.6,64.9,55.0,26.38,8.36,3953.7,4.09,246.108,194.58,51.528,-72.535,1,27.9999,0
"30.2",273.82,10728.1,566.62,120.55,0.6,42.6,72.17,-46.63,1481.6,64.9,55.0,26.38,8.36,3931.3,4.08,246.217,194.592,51.625,-74.014,1,26.2771,0
"30.3",274.92,10753.3,566.71,119.77,0.599,43.5,72.17,-46.29,1479.3,94.9,55.0,26.41,8.36,4821.9,4.13,358.304,284.577,73.727,-70.027,1,-81.7247,1
"30.4",276.09,10726.3,566.52,119.77,0.599,43.5,72.17,-45.93,1480.4,94.9,55.0,26.41,8.36,4832.8,4.0,360.648,284.652,75.996,-65.87,1,-78.392,0
"30.5",275.72,10741.3,566.7,120.06,0.6,43.1,72.17,-46.06,1479.7,64.9,55.0,26.42,8.36,3942.4,4.1,246.003,194.598,51.405,-67.642,1,34.8367,0
"30.6",275.3,10713.5,566.56,119.86,0.599,43.4,72.17,-46.19,1479.5,64.9,55.0,26.37,8.36,3933.2,4.06,246.424,194.568,51.856,-69.384,1,31.9263,0
"30.7",274.9,10725.4,566.66,119.91,0.599,43.6,72.17,-46.32,1482.7,64.8,55.0,26.42,8.36,3938.8,4.15,245.339,194.526,50.813,-70.829,1,31.1007,0
"30.8",274.6,10697.8,566.76,119.42,0.599,42.9,72.17,-46.44,1480.8,64.8,55.0,26.45,8.36,3934.4,4.08,246.097,194.493,51.604,-72.333,1,27.9177,0
"30.9",274.28,10679.1,566.67,120.16,0.599,43.0,72.17,-46.55,1478.5,64.8,55.0,26.42,8.36,3951.1,4.08,246.129,194.505,51.624,-73.512,1,27.0129,0
"31.0",273.81,10739.7,566.63,120.04,0.599,42.7,72.17,-46.67,1479.6,64.9,55.0,26.39,8.36,3948.3,4.07,246.303,194.553,51.75,-74.942,1,24.7093,0
"31.1",274.89,10727.5,566.64,120.07,0.599,43.0,72.17,-46.33,1479.2,94.9,55.0,26.45,8.36,4837.3,4.11,358.662,284.583,74.079,-70.753,1,-82.5788,1
"31.2",276.0,10695.2,566.61,120.05,0.599,43.0,72.17,-46.04,1478.9,94.9,55.0,26.46,8.36,4838.6,4.13,358.406,284.646,73.76,-66.796,1,-76.9833,0
"31.3",275.75,10696.4,566.72,119.58,0.599,43.1,72.17,-46.17,1480.1,64.9,55.0,26.43,8.36,3942.4,4.01,247.181,194.688,52.493,-68.578,1,32.1653,0
"31.4",275.37,10674.6,566.66,119.39,0.6,43.1,72.18,-46.3,1478.8,64.9,55.0,26.43,8.36,3956.2,4.12,245.928,194.712,51.216,-69.909,1,31.389,0
"31.5",275.1,10770.2,566.67,120.1,0.6,42.9,72.18,-46.42,1479.3,64.9,55.0,26.44,8.36,3943.6,4.04,246.792,194.664,52.128,-71.735,1,29.0237,0
"31.6",274.77,10747.4,566.65,120.11,0.6,43.0,72.18,-46.54,1479.3,64.9,55.0,26.41,8.36,3935.0,4.1,246.175,194.742,51.433,-73.005,1,27.9286,0
"31.7",274.47,10751.5,566.7,119.96,0.6,42.7,72.18,-46.65,1479.4,64.9,55.0,26.43,8.36,3945.7,4.09,246.365,194.793,51.572,-74.134,1,26.0509,0
"31.8",274.11,10785.7,566.75,120.66,0.6,42.7,72.18,-46.76,1478.9,64.9,55.0,26.42,8.36,3959.5,4.06,246.798,194.847,51.951,-75.477,1,24.5041,0
"31.9",275.21,10711.1,566.73,119.99,0.6,43.0,72.18,-46.43,1479.4,95.0,55.0,26.41,8.37,4860.2,4.14,358.578,284.901,73.677,-71.16,1,-82.7543,1
"32.0",276.25,10726.7,566.59,119.8,0.6,43.2,72.18,-46.16,1480.6,95.0,55.0,26.43,8.37,4864.2,4.18,357.942,284.916,73.026,-67.464,1,-77.307,0
"32.1",275.88,10757.4,566.68,120.68,0.6,43.1,72.18,-46.28,1479.0,65.0,55.0,26.43,8.37,3954.6,4.13,246.002,194.865,51.137,-69.053,1,33.9903,0
"32.2",275.63,10776.8,566.63,119.85,0.6,43.4,72.18,-46.4,1480.0,65.0,55.0,26.46,8.37,3959.1,4.12,246.129,194.871,51.258,-70.651,1,31.0697,0
"32.3",275.35,10746.4,566.61,119.78,0.6,43.1,72.18,-46.52,1479.8,65.0,55.0,26.43,8.37,3956.2,4.08,246.586,194.868,51.718,-72.042,1,28.7478,0
"32.4",275.05,10706.3,566.66,119.55,0.6,43.1,72.18,-46.63,1478.1,65.0,55.0,26.38,8.37,3941.6,4.13,246.012,194.883,51.129,-73.469,1,27.2553,0
"32.5",274.73,10761.6,566.64,119.76,0.6,43.1,72.18,-46.75,1479.4,65.0,55.0,26.46,8.37,3940.2,4.12,246.155,194.907,51.248,-74.802,1,25.5598,0
"32.6",275.81,10758.4,566.66,119.14,0.6,43.1,72.18,-46.38,1480.2,95.0,55.0,26.43,8.37,4856.9,4.1,359.321,284.961,74.36,-70.487,1,-83.0386,1
"32.7",276.81,10730.9,566.59,119.7,0.6,43.4,72.18,-46.08,1481.9,95.0,55.0,26.46,8.37,4862.5,4.09,359.44,284.916,74.524,-66.909,1,-77.7097,0
"32.8",276.36,10713.0,566.63,120.66,0.6,43.0,72.18,-46.2,1479.7,65.0,55.0,26.46,8.37,3958.9,4.09,246.55,194.931,51.619,-68.377,1,34.6536,0
"32.9",276.03,10709.7,566.59,120.71,0.6,43.1,72.18,-46.33,1480.0,65.0,55.0,26.44,8.37,3957.3,4.05,246.975,194.895,52.08,-70.085,1,32.1152,0
"33.0",275.69,10741.7,566.62,120.4,0.599,43.0,72.19,-46.45,1479.5,65.0,55.0,26.45,8.37,3945.4,4.14,245.89,194.874,51.016,-71.536,1,30.9801,0
"33.1",275.38,10773.0,566.62,121.0,0.599,43.3,72.19,-46.57,1479.6,65.0,55.0,26.45,8.37,3973.3,4.09,246.494,194.874,51.62,-73.134,1,28.9538,0
"33.2",274.98,10749.5,566.62,120.49,0.6,43.2,72.19,-46.68,1479.6,65.0,55.0,26.4,8.37,3948.5,4.06,246.888,194.928,51.96,-74.413,1,26.253,0
"33.3",276.09,10747.2,566.6,119.07,0.6,42.9,72.19,-46.3,1478.5,95.0,55.0,26.44,8.37,4854.3,4.06,359.965,284.931,75.034,-70.302,1,-83.206,1
"33.4",277.16,10767.1,566.6,119.48,0.599,43.6,72.19,-46.0,1478.2,95.0,55.0,26.48,8.38,4856.6,4.09,359.509,284.976,74.533,-66.311,0,-76.982,0
"33.5",276.81,10777.9,566.62,120.24,0.599,43.2,72.19,-46.13,1480.0,65.0,55.0,26.46,8.37,3949.5,4.03,247.333,194.997,52.336,-67.931,0,34.4164,0
"33.6",276.42,10746.7,566.56,119.53,0.6,42.5,72.19,-46.26,1480.8,65.0,55.0,26.44,8.37,3954.2,4.07,246.761,194.916,51.845,-69.715,0,31.9773,0
"33.7",275.98,10731.6,566.58,120.0,0.6,43.2,72.19,-46.38,1480.9,65.0,55.0,26.42,8.37,3958.4,4.05,247.013,194.925,52.088,-71.333,0,30.0172,0
"33.8",275.73,10691.7,566.64,120.48,0.6,43.4,72.19,-46.5,1479.8,65.0,55.0,26.43,8.37,3960.3,4.08,246.695,194.952,51.743,-72.705,0,29.0731,0
"33.9",275.43,10709.2,566.67,120.35,0.599,42.8,72.19,-46.62,1479.1,65.0,55.0,26.47,8.37,3933.0,4.13,246.182,195.027,51.155,-74.08,0,27.668,0
"34.0",275.09,10754.7,566.58,119.33,0.599,43.1,72.19,-46.73,1482.3,65.0,55.0,26.43,8.37,3932.8,4.2,245.343,194.985,50.358,-75.426,0,25.6988,0
"34.1",276.12,10743.4,566.54,119.27,0.599,43.2,72.19,-46.35,1479.9,95.0,55.0,26.42,8.38,4857.9,4.06,359.984,284.943,75.041,-71.134,0,-83.8781,1
"34.2",277.22,10713.1,566.64,119.86,0.599,42.6,72.19,-46.06,1479.7,95.0,55.0,26.46,8.38,4843.0,4.07,359.819,284.961,74.858,-67.239,0,-77.8342,0
"34.3",276.87,10753.0,566.67,119.79,0.599,42.9,72.19,-46.19,1478.3,65.0,55.0,26.48,8.38,3946.9,4.12,246.314,195.03,51.284,-68.927,0,34.0048,0
"34.4",276.51,10715.4,566.66,120.62,0.599,43.0,72.19,-46.31,1479.1,65.0,55.0,26.45,8.38,3943.5,4.07,246.844,194.991,51.853,-70.624,0,32.1145,0
"34.5",276.27,10762.6,566.56,119.83,0.599,43.0,72.2,-46.43,1480.5,65.0,55.0,26.45,8.38,3953.9,4.08,246.755,195.006,51.749,-71.913,0,29.7669,0
"34.6",275.99,10700.9,566.54,120.11,0.599,42.8,72.2,-46.55,1482.2,65.0,55.0,26.49,8.38,3955.4,4.1,246.505,194.991,51.514,-73.371,0,28.4426,0
"34.7",275.55,10746.7,566.64,119.57,0.599,43.0,72.2,-46.66,1479.2,65.0,55.0,26.43,8.38,3932.4,4.13,246.103,194.964,51.139,-74.826,0,26.2997,0
"34.8",275.17,10728.6,566.58,119.81,0.599,42.5,72.2,-46.77,1478.5,65.0,55.0,26.46,8.38,3959.2,4.08,246.765,195.009,51.756,-76.056,0,24.1489,0
"34.9",276.33,10774.4,566.49,119.71,0.599,43.4,72.2,-46.41,1480.4,95.0,55.0,26.47,8.38,4853.6,4.04,360.406,285.006,75.4,-71.838,0,-84.4098,1
"35.0",277.28,10709.6,566.62,118.96,0.6,42.8,72.2,-46.07,1480.2,95.0,55.0,26.48,8.38,4857.6,4.06,360.021,284.973,75.048,-67.548,0,-79.2033,0
"35.1",276.8,10723.0,566.57,120.61,0.599,43.1,72.2,-46.2,1479.6,65.0,55.0,26.42,8.38,3952.7,4.02,247.494,195.027,52.467,-69.366,0,33.1141,0
"35.2",276.46,10741.1,566.62,120.13,0.599,43.1,72.2,-46.33,1479.7,65.0,55.0,26.42,8.38,3943.7,4.17,245.665,194.967,50.698,-71.095,0,32.28,0
"35.3",276.12,10748.7,566.67,119.42,0.599,43.0,72.2,-46.45,1481.4,65.0,55.0,26.42,8.38,3941.3,4.1,246.45,194.958,51.492,-72.475,0,28.9313,0
"35.4",275.76,10760.1,566.61,119.84,0.599,42.6,72.2,-46.56,1479.1,65.0,55.0,26.44,8.38,3930.4,4.07,246.872,195.024,51.848,-74.036,0,26.8969,0
"35.5",275.45,10772.8,566.64,119.45,0.599,42.9,72.2,-46.68,1479.0,65.0,55.0,26.46,8.38,3945.4,4.04,247.265,195.042,52.223,-75.17,0,24.5545,0
"35.6",275.08,10754.5,566.52,120.0,0.599,42.5,72.2,-46.78,1479.2,65.0,55.0,26.48,8.38,3944.6,4.06,246.974,195.0,51.974,-76.32,0,23.7619,0
"35.7",276.15,10762.5,566.57,119.62,0.599,42.7,72.2,-46.46,1478.9,95.0,55.0,26.47,8.38,4841.3,4.12,358.994,284.982,74.012,-72.117,0,-83.5941,1
"35.8",277.24,10747.6,566.6,119.93,0.599,43.1,72.2,-46.17,1478.7,95.0,55.0,26.49,8.38,4844.5,4.09,359.489,284.97,74.519,-68.238,0,-78.5207,0
"35.9",276.89,10710.1,566.57,120.55,0.599,42.7,72.2,-46.29,1480.6,65.0,55.0,26.47,8.38,3967.6,4.09,246.585,194.952,51.633,-69.711,0,33.6223,0
"36.0",276.51,10763.8,566.66,120.38,0.599,43.3,72.2,-46.42,1480.7,65.0,55.0,26.49,8.38,3944.8,4.15,245.892,194.967,50.925,-71.445,0,31.9104,0
"36.1",276.11,10738.0,566.57,119.51,0.599,42.3,72.21,-46.53,1479.5,65.0,55.0,26.43,8.38,3946.4,4.2,245.275,194.919,50.356,-72.929,0,29.6559,0
"36.2",275.65,10684.7,566.58,119.98,0.599,43.2,72.21,-46.65,1478.9,65.0,55.0,26.45,8.38,3952.9,4.19,245.329,194.868,50.461,-74.371,0,28.0619,0
"36.3",275.3,10676.1,566.57,119.43,0.599,43.6,72.21,-46.76,1478.4,65.0,55.0,26.45,8.38,3972.4,4.05,246.967,194.877,52.09,-75.415,0,24.3577,0
"36.4",274.96,10777.8,566.64,118.93,0.599,43.1,72.21,-46.86,1480.3,65.0,55.0,26.48,8.38,3948.9,4.14,245.983,194.946,51.037,-76.717,0,23.096,0
"36.5",276.01,10707.0,566.63,119.28,0.599,42.7,72.21,-46.48,1478.3,95.0,55.0,26.4,8.38,4856.6,4.05,360.163,284.949,75.214,-72.467,0,-85.6207,1
"36.6",277.02,10728.5,566.55,119.16,0.599,42.7,72.21,-46.18,1480.9,95.0,55.0,26.48,8.39,4827.9,4.13,358.764,284.943,73.821,-68.382,0,-78.9451,0
"36.7",276.62,10686.0,566.65,120.03,0.599,43.1,72.21,-46.31,1479.9,65.0,55.0,26.5,8.39,3933.0,4.25,244.663,194.877,49.786,-70.195,0,34.2635,0
"36.8",276.27,10740.2,566.62,119.45,0.599,43.0,72.21,-46.43,1479.6,65.0,55.0,26.45,8.38,3956.3,4.09,246.544,194.928,51.616,-71.639,0,29.8758,0
"36.9",275.87,10704.3,566.52,118.87,0.599,42.9,72.21,-46.55,1479.5,65.0,55.0,26.47,8.38,3951.4,4.08,246.656,194.928,51.728,-73.109,0,27.1994,0
"37.0",275.52,10724.5,566.54,120.15,0.599,42.3,72.21,-46.66,1479.6,65.0,55.0,26.48,8.38,3965.5,4.04,247.132,194.919,52.213,-74.398,0,26.2516,0
"37.1",275.09,10735.8,566.66,118.92,0.599,42.5,72.21,-46.77,1480.9,65.0,55.0,26.44,8.38,3956.3,4.14,245.961,194.922,51.039,-75.598,0,24.4532,0
"37.2",274.76,10736.4,566.54,120.34,0.599,43.2,72.21,-46.87,1481.8,64.9,55.0,26.48,8.38,3944.6,4.13,245.97,194.847,51.123,-76.754,0,24.2733,0
"37.3",275.78,10728.8,566.54,119.93,0.599,43.1,72.21,-46.54,1479.0,94.9,55.0,26.47,8.39,4834.0,4.1,359.148,284.841,74.307,-72.605,0,-84.3736,1
"37.4",276.82,10714.2,566.59,119.82,0.599,42.8,72.21,-46.2,1478.9,95.0,55.0,26.49,8.39,4844.5,4.04,360.232,284.874,75.358,-68.404,0,-80.0039,0
"37.5",276.54,10643.7,566.59,120.55,0.6,43.0,72.21,-46.33,1478.3,65.0,55.0,26.47,8.39,3955.3,4.06,246.891,194.925,51.966,-70.053,0,32.5792,0
"37.6",276.14,10761.3,566.55,119.56,0.6,43.1,72.22,-46.45,1478.7,65.0,55.0,26.48,8.39,3947.4,4.12,246.166,194.91,51.256,-71.69,0,30.1689,0
"37.7",275.72,10743.5,566.54,119.91,0.599,42.1,72.22,-46.56,1479.8,65.0,55.0,26.47,8.39,3969.8,4.14,246.004,194.946,51.058,-72.97,0,28.8565,0
"37.8",275.32,10734.6,566.56,118.66,0.599,43.2,72.22,-46.68,1479.3,65.0,55.0,26.49,8.39,3929.2,4.08,246.626,194.922,51.704,-74.247,0,25.2019,0
"37.9",274.85,10736.6,566.62,119.61,0.599,43.1,72.22,-46.79,1482.2,65.0,55.0,26.48,8.39,3949.0,4.17,245.633,194.937,50.696,-75.817,0,24.9932,0
"38.0",275.91,10764.1,566.6,119.32,0.599,42.8,72.22,-46.44,1479.5,95.0,55.0,26.45,8.39,4844.1,4.11,359.083,284.916,74.167,-71.384,0,-83.4724,1
"38.1",276.99,10761.9,566.56,119.28,0.599,43.2,72.22,-46.11,1479.7,95.0,55.0,26.47,8.39,4845.3,4.07,359.776,284.925,74.851,-67.406,0,-78.8246,0
"38.2",276.59,10718.2,566.51,119.25,0.599,42.8,72.22,-46.24,1481.5,65.0,55.0,26.45,8.39,3948.9,4.13,246.034,194.895,51.139,-69.062,0,33.2728,0
"38.3",276.15,10728.3,566.63,119.53,0.599,43.0,72.22,-46.36,1481.6,65.0,55.0,26.46,8.39,3946.1,4.08,246.647,194.925,51.722,-70.868,0,30.5716,0
"38.4",275.66,10748.9,566.6,120.21,0.599,43.5,72.22,-46.48,1480.4,65.0,55.0,26.46,8.39,3949.5,4.03,247.28,194.955,52.325,-72.053,0,28.8189,0
"38.5",275.3,10707.4,566.6,119.57,0.599,43.0,72.22,-46.6,1481.2,65.0,55.0,26.46,8.39,3949.5,4.11,246.316,194.937,51.379,-73.397,0,27.3253,0
"38.6",274.93,10753.4,566.5,120.01,0.599,43.0,72.22,-46.71,1481.3,65.0,55.0,26.46,8.39,3946.6,4.09,246.531,194.925,51.606,-74.781,0,25.6897,0
"38.7",275.99,10688.2,566.61,119.28,0.599,42.8,72.22,-46.36,1479.4,95.0,55.0,26.48,8.39,4849.9,4.1,359.258,284.916,74.342,-70.558,0,-82.6971,1
"38.8",277.08,10709.6,566.54,119.76,0.6,42.7,72.22,-46.06,1480.0,95.0,55.0,26.53,8.39,4838.2,4.08,359.594,284.922,74.672,-66.552,0,-77.1665,0
"38.9",276.42,10736.7,566.59,120.42,0.6,42.8,72.22,-46.19,1479.9,65.0,55.0,26.48,8.39,3962.3,4.16,245.781,194.955,50.826,-68.346,0,35.2996,0
"39.0",276.0,10693.6,566.61,120.22,0.6,42.6,72.22,-46.31,1480.3,65.0,55.0,26.52,8.39,3951.3,4.08,246.671,194.94,51.731,-70.064,0,31.943,0
"39.1",275.59,10741.3,566.56,120.38,0.6,42.8,72.22,-46.43,1481.3,65.0,55.0,26.49,8.39,3975.0,4.08,246.706,194.949,51.757,-71.618,0,29.9781,0
"39.2",275.19,10742.9,566.6,119.33,0.6,42.7,72.23,-46.55,1480.2,65.0,55.0,26.48,8.39,3944.4,3.99,247.79,194.979,52.811,-73.038,0,25.8975,0
"39.3",274.91,10697.9,566.55,120.86,0.6,43.0,72.23,-46.66,1479.9,65.0,55.0,26.5,8.39,3950.2,4.1,246.463,194.961,51.502,-74.283,0,27.1281,0
"39.4",274.53,10719.6,566.59,119.61,0.6,43.1,72.23,-46.77,1480.3,65.0,55.0,26.48,8.39,3965.9,4.09,246.58,194.949,51.631,-75.459,0,24.0953,0
"39.5",275.68,10734.1,566.52,120.22,0.6,42.2,72.23,-46.42,1480.2,95.0,55.0,26.47,8.39,4864.2,4.07,359.866,284.982,74.884,-71.424,0,-83.6138,1
"39.6",276.7,10797.5,566.65,120.29,0.6,43.7,72.23,-46.15,1480.4,95.0,55.0,26.48,8.4,4854.5,4.13,358.869,285.006,73.863,-67.4,0,-77.2176,0
"39.7",276.31,10743.1,566.54,120.08,0.6,42.9,72.23,-46.27,1481.8,65.0,55.0,26.5,8.4,3952.0,4.1,246.506,194.994,51.512,-69.1,0,33.2749,0
"39.8",275.97,10745.0,566.57,120.16,0.6,42.9,72.23,-46.4,1480.2,65.0,55.0,26.51,8.4,3955.8,4.05,247.003,194.919,52.084,-70.496,0,31.0004,0
"39.9",275.71,10689.9,566.59,120.58,0.6,43.3,72.23,-46.52,1480.2,65.0,55.0,26.51,8.39,3946.7,4.09,246.587,194.97,51.617,-72.192,0,29.7585,0
"40.0",275.38,10682.0,566.5,119.76,0.6,42.9,72.23,-46.63,1479.5,65.0,55.0,26.46,8.39,3964.0,4.02,247.554,195.066,52.488,-73.484,0,26.2358,0
"40.1",274.96,10698.9,566.59,119.78,0.599,42.5,72.23,-46.74,1479.9,65.0,55.0,26.52,8.39,3948.2,4.09,246.64,195.012,51.628,-74.844,0,25.2783,0
"40.2",275.97,10745.6,566.6,119.92,0.599,42.7,72.23,-46.43,1480.2,95.0,55.0,26.48,8.4,4842.2,4.15,358.625,285.087,73.538,-70.559,0,-81.5132,1
"40.3",277.17,10709.2,566.52,119.11,0.599,43.1,72.23,-46.1,1480.2,95.0,55.0,26.55,8.4,4853.6,4.08,359.804,285.078,74.726,-66.637,0,-78.0627,0
"40.4",276.9,10771.0,566.53,118.82,0.599,43.4,72.23,-46.23,1479.6,65.0,55.0,26.48,8.4,3941.8,4.14,246.125,195.066,51.059,-68.338,0,33.7949,0
"40.5",276.53,10694.6,566.57,120.62,0.6,43.2,72.23,-46.35,1481.7,65.0,55.0,26.53,8.4,3945.9,4.14,246.155,195.087,51.068,-69.964,0,33.4456,0
"40.6",276.11,10782.2,566.6,119.88,0.6,43.1,72.23,-46.47,1481.0,65.0,55.0,26.54,8.4,3946.6,4.1,246.616,195.087,51.529,-71.494,0,30.1727,0
"40.7",275.79,10750.0,566.56,120.0,0.6,42.5,72.24,-46.59,1480.9,65.0,55.0,26.53,8.4,3957.2,4.1,246.615,195.078,51.537,-73.058,0,28.2892,0
"40.8",275.48,10696.2,566.57,119.99,0.6,43.3,72.24,-46.7,1479.6,65.0,55.0,26.54,8.4,3955.2,4.03,247.406,195.051,52.355,-74.432,0,25.6935,0
"40.9",276.44,10744.2,566.64,120.09,0.6,42.9,72.24,-46.39,1479.1,95.0,55.0,26.5,8.4,4842.6,4.1,359.426,285.057,74.369,-70.155,0,-81.2372,1
"41.0",277.51,10751.8,566.59,120.23,0.6,42.2,72.24,-46.12,1480.6,95.0,55.0,26.52,8.4,4869.4,4.09,359.626,285.06,74.566,-66.18,0,-75.9807,0
"41.1",277.12,10729.3,566.62,119.78,0.6,42.9,72.24,-46.24,1480.1,65.0,55.0,26.51,8.4,3957.6,4.07,246.914,195.036,51.878,-68.011,0,34.493,0
"41.2",276.88,10755.4,566.63,120.08,0.6,43.0,72.24,-46.37,1480.8,65.0,55.0,26.47,8.4,3944.6,4.04,247.302,195.072,52.23,-69.976,0,32.0809,0
"41.3",276.51,10757.9,566.56,120.2,0.6,42.5,72.24,-46.48,1479.5,65.0,55.0,26.51,8.4,3953.5,4.11,246.44,195.033,51.407,-71.323,0,31.2301,0
"41.4",276.12,10714.1,566.63,119.86,0.6,43.2,72.24,-46.6,1480.3,65.0,55.0,26.47,8.4,3948.5,4.1,246.543,195.027,51.516,-72.876,0,28.7268,0
"41.5",275.66,10682.9,566.55,119.64,0.6,43.3,72.24,-46.71,1480.4,65.0,55.0,26.51,8.4,3935.0,4.05,247.132,195.039,52.093,-74.148,0,26.0723,0
"41.6",276.65,10731.1,566.64,120.09,0.6,42.8,72.24,-46.44,1478.8,95.0,55.0,26.55,8.4,4852.5,4.16,358.463,285.081,73.382,-70.151,0,-80.1019,1
"41.7",277.64,10759.6,566.52,119.76,0.6,43.1,72.24,-46.18,1480.2,95.0,55.0,26.53,8.4,4835.9,4.14,358.74,285.051,73.689,-66.15,0,-75.461,0
"41.8",277.27,10729.9,566.54,120.35,0.6,42.6,72.24,-46.31,1479.0,65.0,55.0,26.52,8.4,3934.6,4.08,246.71,194.985,51.725,-68.009,0,35.3602,0
"41.9",276.86,10730.4,566.41,120.55,0.6,43.1,72.24,-46.43,1480.8,65.0,55.0,26.51,8.4,3943.6,4.09,246.628,195.006,51.622,-69.862,0,33.2618,0
"42.0",276.46,10729.0,566.51,120.31,0.6,43.3,72.24,-46.54,1479.6,65.0,55.0,26.53,8.4,3949.5,3.95,248.35,195.027,53.323,-71.015,0,29.6161,0
"42.1",276.18,10771.4,566.62,120.02,0.6,42.7,72.24,-46.66,1478.7,65.0,55.0,26.53,8.4,3955.0,4.14,246.142,195.069,51.073,-72.732,0,29.4338,0
"42.2",275.86,10728.2,566.54,120.45,0.6,43.2,72.24,-46.77,1481.4,65.0,55.0,26.56,8.4,3956.7,4.06,247.009,195.018,51.991,-74.21,0,27.0886,0
"42.3",276.97,10697.0,566.53,120.06,0.6,42.7,72.25,-46.4,1481.6,95.0,55.0,26.54,8.4,4860.0,3.98,361.479,285.009,76.47,-69.942,0,-82.5969,1
"42.4",277.94,10726.6,566.53,119.61,0.6,43.0,72.25,-46.13,1479.9,95.0,55.0,26.52,8.41,4853.0,4.11,359.274,285.063,74.211,-66.032,0,-75.6826,0
"42.5",277.58,10705.9,566.57,120.38,0.6,42.9,72.25,-46.26,1480.3,65.0,55.0,26.53,8.41,3948.0,4.02,247.534,195.063,52.471,-67.776,0,35.1505,0
"42.6",277.23,10782.4,566.54,119.75,0.6,43.0,72.25,-46.38,1479.7,65.0,55.0,26.54,8.41,3959.2,4.13,246.29,195.093,51.197,-69.509,0,33.5616,0
"42.7",276.74,10718.5,566.56,119.73,0.6,42.9,72.25,-46.5,1479.5,65.0,55.0,26.52,8.4,3936.7,4.05,247.197,195.09,52.107,-71.11,0,30.4252,0
"42.8",276.27,10732.1,566.45,121.3,0.6,42.7,72.25,-46.62,1479.7,65.0,55.0,26.53,8.4,3960.6,4.13,246.221,195.036,51.185,-72.694,0,30.8039,0
"42.9",275.93,10723.4,566.5,119.68,0.6,43.1,72.25,-46.73,1479.7,65.0,55.0,26.5,8.4,3943.1,4.07,246.929,195.06,51.869,-73.898,0,26.819,0
"43.0",275.61,10711.5,566.59,119.36,0.6,43.3,72.25,-46.83,1480.0,65.0,55.0,26.55,8.4,3946.3,4.1,246.56,195.042,51.518,-75.253,0,25.093,0
"43.1",276.69,10758.5,566.53,120.39,0.6,42.9,72.25,-46.51,1480.2,95.0,55.0,26.54,8.41,4857.9,4.06,360.089,285.027,75.062,-71.109,0,-82.4274,1
"43.2",277.64,10786.8,566.47,121.07,0.6,43.5,72.25,-46.29,1480.5,95.0,55.0,26.54,8.41,4847.3,4.13,358.903,285.039,73.864,-67.198,0,-75.4751,0
"43.3",277.28,10745.6,566.56,120.41,0.6,43.8,72.25,-46.41,1482.1,65.0,55.0,26.55,8.41,3964.1,4.04,247.254,195.018,52.236,-69.179,0,33.6052,0
"43.4",276.82,10700.9,566.55,119.58,0.6,42.9,72.25,-46.53,1479.6,65.0,55.0,26.53,8.41,3937.8,4.05,247.052,194.973,52.079,-70.624,0,30.953,0
"43.5",276.4,10752.9,566.56,120.13,0.6,43.5,72.25,-46.65,1478.1,65.0,55.0,26.52,8.41,3936.4,4.15,245.857,194.946,50.911,-72.002,0,30.7956,0
"43.6",276.06,10771.9,566.46,119.9,0.6,42.9,72.25,-46.76,1479.0,65.0,55.0,26.53,8.41,3944.5,4.05,246.973,194.904,52.069,-73.57,0,27.4326,0
"43.7",275.76,10785.2,566.57,120.03,0.6,43.1,72.25,-46.86,1479.8,65.0,55.0,26.53,8.41,3954.0,4.0,247.621,194.934,52.687,-74.987,0,25.0786,0
"43.8",275.3,10740.7,566.59,120.28,0.6,43.2,72.26,-46.96,1480.1,65.0,55.0,26.56,8.4,3968.1,4.21,245.179,194.913,50.266,-76.126,0,26.0821,0
"43.9",276.41,10697.1,566.57,119.32,0.6,43.2,72.26,-46.55,1479.4,95.0,55.0,26.52,8.41,4828.5,3.98,361.283,284.877,76.406,-71.688,0,-85.6041,1
"44.0",277.41,10764.9,566.55,120.46,0.6,43.0,72.26,-46.28,1478.9,95.0,55.0,26.52,8.41,4846.1,4.07,359.774,284.922,74.852,-67.798,0,-77.7773,0
"44.1",276.94,10761.2,566.52,119.27,0.6,42.9,72.26,-46.4,1479.6,65.0,55.0,26.51,8.41,3943.1,4.13,246.039,194.904,51.135,-69.338,0,33.2048,0
"44.2",276.58,10683.0,566.48,119.72,0.6,43.2,72.26,-46.52,1480.0,65.0,55.0,26.53,8.41,3953.6,4.1,246.44,194.94,51.5,-71.1,0,31.016,0
"44.3",276.19,10790.6,566.57,120.41,0.6,42.7,72.26,-46.63,1478.6,65.0,55.0,26.54,8.41,3945.0,4.09,246.54,194.934,51.606,-72.651,0,29.5464,0
"44.4",275.75,10689.8,566.5,119.71,0.6,42.8,72.26,-46.74,1478.7,65.0,55.0,26.52,8.41,3932.3,4.03,247.173,194.883,52.29,-73.884,0,26.4268,0
"44.5",275.26,10733.8,566.53,119.58,0.6,42.6,72.26,-46.85,1480.9,65.0,55.0,26.54,8.41,3949.5,4.06,246.822,194.874,51.948,-75.159,0,24.7798,0
"44.6",276.4,10785.5,566.51,119.27,0.6,42.7,72.26,-46.51,1480.1,95.0,55.0,26.55,8.41,4846.8,4.11,359.003,284.85,74.153,-70.887,0,-82.5264,1
"44.7",277.51,10767.6,566.48,120.0,0.6,43.1,72.26,-46.24,1480.4,95.0,55.0,26.56,8.41,4852.2,4.09,359.351,284.853,74.498,-67.056,0,-76.9311,0
"44.8",277.14,10736.3,566.52,119.53,0.6,42.8,72.26,-46.36,1478.6,64.9,55.0,26.55,8.41,3955.1,4.09,246.371,194.79,51.581,-68.782,0,33.9229,0
"44.9",276.77,10636.6,566.51,119.59,0.6,43.2,72.26,-46.48,1479.1,64.9,55.0,26.54,8.41,3937.5,4.01,247.259,194.754,52.505,-70.296,0,31.0869,0
"45.0",276.44,10776.0,566.45,120.57,0.6,42.8,72.26,-46.6,1478.7,64.9,55.0,26.52,8.41,3946.1,4.09,246.265,194.712,51.553,-72.009,0,30.9069,0
"45.1",275.96,10694.2,566.57,119.62,0.6,43.2,72.26,-46.71,1479.9,64.9,55.0,26.59,8.41,3941.4,4.1,246.137,194.706,51.431,-73.326,0,28.1769,0
"45.2",276.99,10736.2,566.48,120.06,0.6,42.5,72.26,-46.4,1479.6,94.9,55.0,26.55,8.41,4839.1,4.06,359.655,284.694,74.961,-69.361,0,-80.1724,1
"45.3",277.9,10735.6,566.47,120.13,0.6,42.8,72.26,-46.24,1479.6,94.9,55.0,26.59,8.41,4843.1,4.23,356.755,284.625,72.13,-65.53,0,-72.2742,0
"45.4",277.42,10753.1,566.51,119.91,0.6,42.8,72.27,-46.36,1479.9,64.9,55.0,26.55,8.41,3953.6,4.05,246.649,194.637,52.012,-67.472,0,35.615,0
"45.5",276.94,10736.7,566.53,119.58,0.6,42.4,72.27,-46.48,1478.8,64.9,55.0,26.57,8.41,3952.4,4.06,246.541,194.646,51.895,-69.118,0,33.1456,0
"45.6",276.55,10746.3,566.49,119.95,0.6,42.8,72.27,-46.59,1479.3,64.9,55.0,26.56,8.41,3929.0,3.97,247.6,194.643,52.957,-70.546,0,30.5175,0
"45.7",276.06,10728.9,566.49,120.44,0.6,42.7,72.27,-46.71,1479.4,64.9,55.0,26.5,8.41,3952.0,4.06,246.589,194.685,51.904,-72.172,0,29.8029,0
"45.8",275.64,10689.3,566.47,119.62,0.6,42.9,72.27,-46.81,1480.1,64.9,55.0,26.53,8.41,3945.6,4.08,246.321,194.664,51.657,-73.658,0,27.2331,0
"45.9",275.33,10699.8,566.47,119.96,0.6,43.1,72.27,-46.92,1481.8,64.9,55.0,26.52,8.41,3948.5,4.02,247.036,194.664,52.372,-74.945,0,25.1516,0
"46.0",276.41,10712.9,566.54,120.02,0.6,43.4,72.27,-46.58,1479.8,94.9,55.0,26.54,8.41,4844.4,4.04,359.891,284.601,75.29,-70.731,0,-82.5654,1
"46.1",277.51,10760.5,566.51,121.19,0.6,43.4,72.27,-46.32,1479.8,94.9,55.0,26.58,8.42,4848.6,4.04,359.892,284.598,75.294,-66.692,0,-76.0064,0
"46.2",277.17,10726.3,566.43,121.44,0.601,43.0,72.27,-46.44,1480.8,64.9,55.0,26.54,8.42,3948.5,4.06,246.548,194.655,51.893,-68.673,0,35.7166,0
"46.3",276.88,10703.4,566.56,119.52,0.601,43.3,72.27,-46.56,1479.0,64.9,55.0,26.56,8.41,3934.9,4.17,245.34,194.712,50.628,-70.183,0,33.0881,0
"46.4",276.4,10757.4,566.59,120.27,0.601,43.5,72.27,-46.67,1479.3,64.9,55.0,26.56,8.41,3941.0,4.1,246.189,194.748,51.441,-72.015,0,30.559,0
"46.5",276.03,10709.1,566.51,119.81,0.601,43.1,72.27,-46.78,1479.0,64.9,55.0,26.58,8.41,3941.1,4.19,245.131,194.718,50.413,-73.258,0,29.4433,0
"46.6",275.62,10784.7,566.57,120.29,0.601,43.4,72.27,-46.89,1479.6,64.9,55.0,26.56,8.41,3939.8,4.1,246.09,194.67,51.42,-74.767,0,26.9349,0
"46.7",276.66,10741.9,566.46,120.5,0.601,43.2,72.27,-46.62,1480.4,94.9,55.0,26.56,8.42,4841.9,4.14,358.291,284.685,73.606,-70.612,0,-80.1642,1
"46.8",277.68,10733.7,566.42,118.85,0.601,43.1,72.27,-46.32,1480.9,94.9,55.0,26.54,8.42,4856.2,4.09,359.187,284.718,74.469,-66.664,0,-77.4368,0
"46.9",277.35,10716.1,566.47,121.59,0.601,43.5,72.28,-46.44,1479.4,64.9,55.0,26.56,8.42,3942.6,4.11,246.048,194.727,51.321,-68.366,0,36.8547,0
"47.0",276.99,10721.4,566.47,120.02,0.601,43.1,72.28,-46.56,1480.2,64.9,55.0,26.5,8.42,3947.5,4.06,246.697,194.775,51.922,-70.36,0,32.1603,0
"47.1",276.67,10755.1,566.5,120.89,0.601,43.1,72.28,-46.67,1479.7,64.9,55.0,26.6,8.42,3952.2,4.05,246.876,194.82,52.056,-71.982,0,30.7925,0
"47.2",276.26,10765.5,566.39,119.86,0.601,42.3,72.28,-46.78,1479.7,65.0,55.0,26.56,8.42,3956.8,4.07,246.693,194.859,51.834,-73.177,0,28.2409,0
"47.3",275.92,10775.9,566.44,120.48,0.601,42.7,72.28,-46.88,1482.8,64.9,55.0,26.57,8.41,3959.3,4.0,247.496,194.829,52.667,-74.595,0,26.1883,0
"47.4",276.89,10698.0,566.48,120.39,0.601,43.1,72.28,-46.6,1480.1,94.9,55.0,26.55,8.42,4844.2,4.09,359.202,284.739,74.463,-70.283,0,-80.6,1
"47.5",277.85,10725.0,566.44,120.44,0.601,43.1,72.28,-46.3,1480.0,94.9,55.0,26.57,8.42,4841.6,4.01,360.603,284.751,75.852,-66.496,0,-76.9153,0
"47.6",277.42,10715.3,566.53,120.45,0.601,42.8,72.28,-46.43,1478.8,64.9,55.0,26.58,8.42,3963.7,4.09,246.383,194.793,51.59,-68.258,0,35.5682,0
"47.7",276.98,10757.8,566.58,120.11,0.601,43.2,72.28,-46.54,1481.0,64.9,55.0,26.56,8.42,3954.8,4.02,247.204,194.793,52.411,-70.033,0,32.0742,0
"47.8",276.72,10698.8,566.49,120.35,0.601,43.1,72.28,-46.66,1480.1,64.9,55.0,26.55,8.42,3938.1,4.04,246.94,194.787,52.153,-71.446,0,30.7927,0
"47.9",276.35,10773.6,566.58,120.75,0.601,43.3,72.28,-46.77,1481.2,64.9,55.0,26.53,8.42,3959.1,4.14,245.763,194.76,51.003,-73.236,0,30.1055,0
"48.0",275.98,10713.2,566.56,120.37,0.601,42.8,72.28,-46.87,1480.0,64.9,55.0,26.6,8.42,3940.7,4.04,246.882,194.739,52.143,-74.41,0,26.9529,0
"48.1",276.96,10758.3,566.45,119.45,0.601,42.2,72.28,-46.55,1480.3,94.9,55.0,26.57,8.42,4842.3,4.08,359.314,284.694,74.62,-70.256,0,-81.506,1
"48.2",277.95,10716.2,566.54,119.85,0.601,43.2,72.28,-46.3,1480.1,94.9,55.0,26.56,8.42,4847.6,4.1,359.013,284.721,74.292,-66.486,0,-75.7939,0
"48.3",277.41,10691.8,566.48,120.13,0.601,43.0,72.28,-46.42,1480.6,64.9,55.0,26.58,8.42,3953.0,4.03,247.014,194.739,52.275,-67.902,0,34.9661,0
"48.4",277.13,10664.6,566.49,120.67,0.601,43.3,72.28,-46.54,1478.7,64.9,55.0,26.6,8.42,3957.0,3.97,247.767,194.754,53.013,-69.819,0,32.4371,0
"48.5",276.65,10732.8,566.52,120.31,0.601,42.7,72.29,-46.65,1481.0,64.9,55.0,26.55,8.42,3949.8,4.16,245.59,194.811,50.779,-71.462,0,32.0291,0
"48.6",276.18,10769.5,566.47,121.08,0.601,43.2,72.29,-46.76,1480.3,64.9,55.0,26.58,8.42,3945.0,4.04,246.992,194.823,52.169,-73.222,0,29.0513,0
"48.7",275.74,10709.3,566.54,121.02,0.601,42.9,72.29,-46.87,1480.3,64.9,55.0,26.56,8.42,3951.3,4.06,246.749,194.814,51.935,-74.204,0,27.7064,0
"48.8",276.84,10739.8,566.5,120.15,0.601,43.1,72.29,-46.56,1483.3,94.9,55.0,26.56,8.42,4869.8,4.08,359.521,284.838,74.683,-70.199,0,-81.0832,1
"48.9",277.93,10763.1,566.35,119.48,0.601,42.6,72.29,-46.3,1479.8,94.9,55.0,26.57,8.42,4836.6,4.12,358.81,284.838,73.972,-66.177,0,-75.6637,0
"49.0",277.6,10706.7,566.52,119.51,0.601,42.8,72.29,-46.42,1480.5,65.0,55.0,26.61,8.42,3952.3,4.04,247.036,194.853,52.183,-68.391,0,34.0314,0
"49.1",277.19,10725.5,566.52,120.88,0.601,43.7,72.29,-46.53,1480.7,64.9,55.0,26.59,8.42,3943.8,4.06,246.76,194.829,51.931,-69.773,0,33.7681,0
"49.2",276.88,10683.0,566.53,119.93,0.601,43.0,72.29,-46.65,1479.7,64.9,55.0,26.57,8.42,3934.9,4.05,246.836,194.802,52.034,-71.391,0,30.705,0
"49.3",276.5,10744.6,566.5,119.93,0.601,42.8,72.29,-46.76,1481.2,64.9,55.0,26.53,8.42,3923.1,4.03,247.097,194.829,52.268,-72.823,0,28.5198,0
"49.4",276.08,10744.3,566.46,118.79,0.601,42.5,72.29,-46.87,1480.5,64.9,55.0,26.6,8.42,3944.4,4.09,246.405,194.826,51.579,-74.138,0,26.2347,0
"49.5",275.63,10758.9,566.5,120.07,0.601,42.9,72.29,-46.97,1481.7,64.9,55.0,26.58,8.42,3954.4,4.1,246.288,194.817,51.471,-75.683,0,25.5347,0
"49.6",276.64,10755.6,566.59,119.59,0.601,42.7,72.29,-46.6,1479.9,94.9,55.0,26.57,8.42,4857.8,4.02,360.491,284.79,75.701,-71.23,0,-83.8892,1
"49.7",277.71,10750.2,566.58,120.62,0.601,43.1,72.29,-46.35,1479.4,94.9,55.0,26.6,8.43,4858.5,4.09,359.298,284.805,74.493,-67.298,0,-76.4145,0
"49.8",277.31,10739.2,566.52,120.04,0.601,42.7,72.29,-46.47,1479.5,64.9,55.0,26.57,8.42,3950.8,4.05,246.867,194.814,52.053,-69.018,0,33.7624,0
"49.9",276.96,10753.4,566.37,119.49,0.601,43.5,72.29,-46.59,1480.1,64.9,55.0,26.58,8.42,3933.6,4.06,246.739,194.82,51.919,-70.526,0,31.3685,0
"50.0",276.6,10720.8,566.49,119.57,0.601,43.0,72.3,-46.7,1481.1,64.9,55.0,26.58,8.42,3934.9,4.04,247.0,194.838,52.162,-72.181,0,29.0582,0
"50.1",276.09,10727.4,566.36,120.31,0.601,43.6,72.3,-46.81,1479.3,64.9,55.0,26.58,8.42,3958.0,4.02,247.274,194.847,52.427,-73.576,0,27.5031,0
"50.2",275.8,10754.1,566.54,120.74,0.601,43.0,72.3,-46.91,1477.9,64.9,55.0,26.57,8.42,3953.2,4.03,247.104,194.811,52.293,-74.912,0,26.3736,0
"50.3",276.85,10752.0,566.45,120.62,0.601,42.8,72.3,-46.7,1479.3,94.9,55.0,26.59,8.42,4850.5,4.22,357.093,284.763,72.33,-70.85,0,-78.9596,1
"50.4",277.83,10772.8,566.51,119.28,0.601,43.0,72.3,-46.41,1479.4,94.9,55.0,26.61,8.43,4841.9,4.1,359.067,284.769,74.298,-66.967,0,-77.1302,0
"50.5",277.51,10722.1,566.48,120.46,0.601,43.3,72.3,-46.53,1478.9,64.9,55.0,26.58,8.43,3940.6,4.12,246.036,194.811,51.225,-68.695,0,35.476,0
"50.6",277.11,10691.4,566.46,120.84,0.601,43.1,72.3,-46.65,1480.8,64.9,55.0,26.6,8.43,3956.8,3.99,247.559,194.784,52.775,-70.553,0,31.9553,0
"50.7",276.65,10699.2,566.38,120.5,0.601,43.4,72.3,-46.76,1479.7,64.9,55.0,26.62,8.42,3948.3,4.12,245.935,194.724,51.211,-71.745,0,31.4894,0
"50.8",276.32,10732.6,566.44,120.59,0.601,43.0,72.3,-46.86,1481.5,64.9,55.0,26.55,8.42,3951.0,4.04,246.881,194.73,52.151,-73.475,0,28.4558,0
"50.9",275.95,10666.7,566.37,120.19,0.601,43.2,72.3,-46.96,1480.3,64.9,55.0,26.6,8.42,3946.3,4.0,247.336,194.712,52.624,-74.815,0,25.7909,0
"51.0",276.96,10732.8,566.46,120.82,0.601,43.1,72.3,-46.68,1480.4,94.9,55.0,26.57,8.43,4845.4,4.08,359.381,284.745,74.636,-70.635,0,-80.714,1
"51.1",278.01,10758.3,566.51,119.95,0.601,42.8,72.3,-46.44,1479.9,94.9,55.0,26.59,8.43,4846.5,4.11,358.817,284.7,74.117,-66.733,0,-75.8218,0
"51.2",277.66,10715.0,566.43,119.94,0.601,42.6,72.3,-46.55,1479.3,64.9,55.0,26.62,8.43,3935.3,4.04,246.825,194.697,52.128,-68.616,0,34.3745,0
"51.3",277.28,10692.8,566.58,120.44,0.601,42.2,72.3,-46.67,1479.7,64.9,55.0,26.58,8.43,3961.2,3.97,247.719,194.712,53.007,-70.103,0,31.9959,0
"51.4",276.92,10730.2,566.48,120.51,0.601,42.9,72.3,-46.78,1479.0,64.9,55.0,26.57,8.43,3942.2,3.97,247.7,194.712,52.988,-71.615,0,30.0965,0
"51.5",276.59,10765.1,566.38,119.32,0.601,43.1,72.31,-46.88,1480.6,64.9,55.0,26.55,8.43,3936.3,4.08,246.26,194.622,51.638,-73.205,0,28.3374,0
"51.6",276.37,10734.8,566.44,119.3,0.601,43.2,72.31,-46.98,1480.3,64.9,55.0,26.56,8.43,3943.1,4.06,246.561,194.67,51.891,-74.495,0,26.3918,0
"51.7",276.1,10717.9,566.49,121.44,0.601,43.1,72.31,-47.08,1479.9,64.9,55.0,26.59,8.42,3962.7,4.05,246.677,194.652,52.025,-75.916,0,26.6264,0
"51.8",277.05,10738.2,566.42,120.36,0.601,43.3,72.31,-46.86,1478.6,94.9,55.0,26.59,8.43,4859.5,4.21,357.088,284.622,72.466,-71.653,0,-79.9733,1
"51.9",278.06,10699.1,566.5,120.4,0.601,43.3,72.31,-46.57,1481.1,94.9,55.0,26.6,8.43,4850.6,4.01,360.406,284.586,75.82,-67.856,0,-78.1796,0
"52.0",277.76,10713.1,566.39,120.68,0.601,43.5,72.31,-46.68,1479.6,64.9,55.0,26.58,8.43,3952.8,4.0,247.208,194.604,52.604,-69.465,0,33.8512,0
"52.1",277.4,10783.3,566.38,120.01,0.601,42.5,72.31,-46.79,1480.0,64.9,55.0,26.6,8.43,3938.7,4.13,245.655,194.598,51.057,-70.995,0,32.7344,0
"52.2",277.01,10737.1,566.52,120.37,0.601,43.4,72.31,-46.9,1478.7,64.9,55.0,26.56,8.43,3944.7,4.04,246.759,194.637,52.122,-72.757,0,29.7375,0
"52.3",276.64,10709.6,566.51,119.85,0.601,42.6,72.31,-47.0,1478.0,64.9,55.0,26.59,8.43,3934.6,3.98,247.445,194.613,52.832,-73.945,0,26.8639,0
"52.4",276.27,10728.4,566.41,120.47,0.601,43.2,72.31,-47.1,1479.0,64.9,55.0,26.59,8.43,3950.9,4.07,246.418,194.643,51.775,-75.315,0,26.682,0
"52.5",275.92,10766.1,566.48,120.07,0.601,43.0,72.31,-47.19,1481.7,64.9,55.0,26.59,8.43,3950.9,4.1,246.079,194.652,51.427,-76.766,0,24.7234,0
"52.6",275.57,10718.4,566.55,120.08,0.601,43.1,72.31,-47.28,1482.4,64.9,55.0,26.61,8.42,3936.9,4.05,246.595,194.607,51.988,-77.854,0,22.6815,0
"52.7",276.62,10713.8,566.46,120.52,0.601,42.8,72.31,-46.98,1481.9,94.8,55.0,26.57,8.43,4839.4,4.07,359.285,284.535,74.75,-73.55,0,-84.468,1
"52.8",277.62,10744.4,566.44,120.53,0.601,43.1,72.31,-46.75,1479.8,94.8,55.0,26.64,8.43,4835.4,4.14,358.102,284.538,73.564,-69.505,0,-77.9938,0
"52.9",277.17,10735.9,566.47,120.2,0.601,42.6,72.31,-46.86,1479.1,64.8,55.0,26.65,8.43,3933.1,4.12,245.637,194.496,51.141,-71.092,0,32.5554,0
"53.0",276.87,10721.3,566.45,120.22,0.601,43.7,72.31,-46.96,1481.1,64.8,55.0,26.58,8.43,3949.7,4.11,245.783,194.508,51.275,-72.702,0,30.4175,0
"53.1",276.43,10738.0,566.43,120.39,0.601,42.9,72.32,-47.06,1479.1,64.8,55.0,26.58,8.43,3947.4,4.09,245.945,194.454,51.491,-74.3,0,28.2815,0
"53.2",276.07,10755.9,566.41,120.4,0.601,42.6,72.32,-47.16,1479.2,64.8,55.0,26.57,8.43,3956.4,4.06,246.332,194.475,51.857,-75.677,0,26.0712,0
"53.3",275.66,10721.2,566.47,119.85,0.601,42.3,72.32,-47.25,1480.8,64.8,55.0,26.59,8.43,3945.3,4.11,245.76,194.493,51.267,-76.717,0,24.5521,0
"53.4",275.35,10742.6,566.42,120.22,0.601,43.2,72.32,-47.34,1479.9,64.9,55.0,26.6,8.43,3951.3,4.05,246.572,194.577,51.995,-78.114,0,22.3124,0
"53.5",276.4,10767.5,566.44,120.78,0.601,42.8,72.32,-47.06,1478.7,94.9,55.0,26.62,8.43,4851.4,4.13,358.344,284.586,73.758,-73.613,0,-83.6319,1
"53.6",277.52,10666.5,566.56,119.61,0.601,43.2,72.32,-46.76,1478.9,94.9,55.0,26.6,8.43,4856.7,4.08,359.175,284.571,74.604,-69.723,0,-80.3201,0
"53.7",277.06,10724.3,566.41,120.42,0.601,42.6,72.32,-46.87,1479.9,64.8,55.0,26.57,8.43,3953.8,4.11,245.825,194.538,51.287,-71.086,0,32.4705,0
"53.8",276.74,10744.0,566.39,120.21,0.601,42.6,72.32,-46.97,1479.0,64.8,55.0,26.62,8.43,3930.7,3.94,247.836,194.532,53.304,-72.625,0,28.2754,0
"53.9",276.35,10709.8,566.51,120.01,0.601,43.2,72.32,-47.07,1480.8,64.8,55.0,26.61,8.43,3955.3,4.03,246.77,194.541,52.229,-74.054,0,27.2311,0
"54.0",276.07,10715.2,566.38,120.04,0.601,43.3,72.32,-47.17,1480.1,64.8,55.0,26.57,8.43,3932.6,4.14,245.457,194.535,50.922,-75.414,0,26.8512,0
"54.1",275.66,10728.7,566.53,120.29,0.601,42.9,72.32,-47.26,1478.5,64.9,55.0,26.57,8.43,3954.7,4.03,246.795,194.562,52.233,-76.514,0,24.1466,0
"54.2",275.32,10733.0,566.45,120.64,0.601,42.8,72.32,-47.35,1479.3,64.8,55.0,26.62,8.43,3964.7,4.0,247.148,194.547,52.601,-77.769,0,22.457,0
"54.3",276.29,10755.6,566.47,120.58,0.601,42.7,72.32,-47.06,1479.8,94.8,55.0,26.59,8.43,4850.6,4.12,358.406,284.502,73.904,-73.693,0,-84.0809,1
"54.4",277.38,10728.6,566.46,120.11,0.601,43.2,72.32,-46.72,1479.9,94.8,55.0,26.57,8.43,4836.5,3.99,360.616,284.481,76.135,-69.317,0,-80.9743,0
"54.5",276.93,10731.9,566.47,120.01,0.601,43.0,72.32,-46.83,1480.6,64.8,55.0,26.61,8.43,3953.5,3.97,247.328,194.406,52.922,-71.078,0,30.4658,0
"54.6",276.49,10735.8,566.49,120.01,0.601,42.7,72.33,-46.93,1482.0,64.8,55.0,26.56,8.43,3969.4,4.05,246.403,194.427,51.976,-72.643,0,29.2857,0
"54.7",276.23,10765.7,566.42,120.13,0.601,42.9,72.33,-47.03,1479.2,64.8,55.0,26.6,8.43,3938.5,4.12,245.571,194.439,51.132,-74.043,0,28.479,0
"54.8",275.85,10703.7,566.44,119.99,0.601,43.1,72.33,-47.13,1481.3,64.8,55.0,26.58,8.43,3954.0,4.03,246.611,194.415,52.196,-75.295,0,25.5715,0
"54.9",275.49,10718.6,566.47,120.43,0.601,43.2,72.33,-47.23,1481.1,64.8,55.0,26.63,8.43,3950.6,4.03,246.626,194.43,52.196,-76.551,0,24.2805,0
"55.0",276.48,10685.4,566.51,120.34,0.601,43.2,72.33,-46.98,1480.2,94.8,55.0,26.65,8.43,4850.4,4.2,357.032,284.454,72.578,-72.425,0,-81.4056,1
"55.1",277.5,10737.5,566.48,120.64,0.601,42.8,72.33,-46.75,1481.7,94.8,55.0,26.63,8.43,4841.1,4.13,358.155,284.442,73.713,-68.27,0,-76.8251,0
"55.2",277.08,10759.8,566.42,120.21,0.601,42.6,72.33,-46.86,1480.6,64.8,55.0,26.64,8.43,3946.1,4.09,245.966,194.472,51.494,-70.16,0,33.0758,0
"55.3",276.69,10770.1,566.39,120.62,0.601,43.0,72.33,-46.96,1480.2,64.8,55.0,26.63,8.43,3951.1,4.07,246.201,194.469,51.732,-71.603,0,31.3102,0
"55.4",276.33,10727.5,566.39,120.21,0.601,43.3,72.33,-47.06,1479.6,64.8,55.0,26.66,8.43,3935.7,4.03,246.686,194.49,52.196,-73.229,0,28.3342,0
"55.5",275.88,10740.5,566.47,120.39,0.601,43.0,72.33,-47.16,1481.4,64.8,55.0,26.59,8.43,3946.2,4.12,245.646,194.493,51.153,-74.702,0,27.5404,0
"55.6",275.57,10748.7,566.41,119.84,0.601,42.9,72.33,-47.25,1479.1,64.8,55.0,26.58,8.43,3928.9,4.07,246.25,194.526,51.724,-75.863,0,24.8183,0
"55.7",276.6,10748.9,566.49,119.86,0.601,43.7,72.33,-46.86,1480.6,94.8,55.0,26.61,8.43,4844.9,3.97,361.017,284.508,76.509,-71.367,0,-84.5954,1
"55.8",277.67,10673.9,566.46,120.43,0.601,43.2,72.33,-46.59,1481.0,94.8,55.0,26.63,8.43,4851.1,4.05,359.601,284.502,75.099,-67.478,0,-77.3666,0
"55.9",277.3,10707.2,566.42,120.4,0.601,42.8,72.33,-46.7,1480.0,64.8,55.0,26.63,8.43,3945.8,4.03,246.749,194.532,52.217,-69.184,0,33.8293,0
"56.0",276.91,10756.2,566.48,120.17,0.601,43.1,72.33,-46.81,1480.1,64.8,55.0,26.62,8.43,3940.9,4.06,246.361,194.511,51.85,-70.661,0,32.0188,0
"56.1",276.54,10683.7,566.4,119.31,0.601,43.0,72.34,-46.91,1479.6,64.8,55.0,26.61,8.43,3955.6,4.08,246.16,194.526,51.634,-72.114,0,29.4276,0
"56.2",276.19,10717.7,566.39,120.61,0.601,43.0,72.34,-47.02,1481.4,64.8,55.0,26.61,8.43,3921.8,4.04,246.624,194.547,52.077,-73.662,0,28.261,0
"56.3",275.67,10713.1,566.49,120.62,0.601,43.1,72.34,-47.11,1479.7,64.9,55.0,26.56,8.43,3954.4,4.1,245.989,194.577,51.412,-75.427,0,26.5254,0
"56.4",275.23,10737.6,566.4,120.68,0.601,43.0,72.34,-47.21,1479.7,64.8,55.0,26.62,8.43,3945.0,4.09,246.014,194.511,51.503,-76.461,0,25.0005,0
"56.5",276.1,10766.0,566.4,119.65,0.601,42.9,72.34,-46.87,1480.4,94.8,55.0,26.6,8.43,4833.9,4.1,358.727,284.502,74.225,-72.072,0,-83.7196,1
"56.6",277.15,10732.9,566.42,119.25,0.601,42.8,72.34,-46.54,1479.2,94.8,55.0,26.64,8.43,4852.9,4.05,359.614,284.511,75.103,-67.988,0,-79.5436,0
"56.7",276.83,10724.4,566.38,120.06,0.601,42.8,72.34,-46.66,1477.4,64.9,55.0,26.62,8.43,3931.3,4.05,246.53,194.559,51.971,-69.767,0,32.7071,0
"56.8",276.51,10764.3,566.43,120.72,0.601,43.1,72.34,-46.77,1480.0,64.8,55.0,26.65,8.43,3953.2,4.08,246.153,194.523,51.63,-71.324,0,31.7608,0
"56.9",276.04,10688.0,566.43,120.11,0.601,43.0,72.34,-46.87,1482.1,64.9,55.0,26.58,8.43,3942.1,4.21,244.729,194.571,50.158,-72.923,0,30.3986,0
"57.0",275.71,10710.7,566.49,120.8,0.601,43.2,72.34,-46.98,1478.4,64.9,55.0,26.64,8.43,3941.7,4.07,246.375,194.616,51.759,-74.41,0,27.5222,0
"57.1",275.32,10808.6,566.48,120.38,0.601,42.9,72.34,-47.07,1478.8,64.9,55.0,26.62,8.43,3963.3,4.12,245.775,194.583,51.192,-75.648,0,25.9695,0
"57.2",274.97,10773.7,566.48,120.58,0.601,42.7,72.34,-47.17,1479.1,64.9,55.0,26.57,8.43,3940.9,4.06,246.458,194.589,51.869,-77.044,0,23.6471,0
"57.3",276.1,10750.2,566.45,120.58,0.601,43.0,72.34,-46.8,1480.0,94.9,55.0,26.55,8.43,4847.6,3.99,360.811,284.628,76.183,-72.443,0,-85.1773,1
"57.4",277.07,10749.0,566.45,121.05,0.601,43.0,72.34,-46.58,1480.8,94.9,55.0,26.63,8.43,4832.7,4.16,357.966,284.697,73.269,-68.5,0,-76.7187,0
"57.5",276.67,10731.3,566.49,119.92,0.601,42.9,72.34,-46.69,1480.8,64.9,55.0,26.64,8.43,3957.4,4.07,246.544,194.739,51.805,-70.474,0,31.6404,0
"57.6",276.25,10699.2,566.5,120.17,0.601,43.4,72.34,-46.8,1478.7,64.9,55.0,26.63,8.43,3944.8,4.12,245.969,194.754,51.215,-71.574,0,30.848,0
"57.7",275.84,10705.5,566.38,119.66,0.601,43.2,72.35,-46.91,1480.1,64.9,55.0,26.63,8.43,3946.7,4.04,246.96,194.796,52.164,-73.236,0,27.1623,0
"57.8",275.46,10718.6,566.52,119.31,0.601,43.0,72.35,-47.01,1478.8,64.9,55.0,26.65,8.43,3952.8,4.15,245.71,194.814,50.896,-74.505,0,26.3165,0
"57.9",275.11,10740.9,566.45,119.67,0.601,43.5,72.35,-47.11,1481.4,64.9,55.0,26.62,8.43,3954.9,4.06,246.764,194.823,51.941,-75.811,0,23.867,0
"58.0",276.14,10774.3,566.39,120.39,0.601,43.4,72.35,-46.81,1481.0,95.0,55.0,26.59,8.43,4844.5,4.15,358.344,284.859,73.485,-71.473,0,-81.8907,1
"58.1",277.19,10709.8,566.42,119.73,0.601,43.1,72.35,-46.5,1481.0,95.0,55.0,26.63,8.44,4851.5,4.08,359.544,284.871,74.673,-67.62,0,-78.5501,0
"58.2",276.92,10746.5,566.46,119.83,0.601,43.0,72.35,-46.62,1479.9,65.0,55.0,26.62,8.44,3957.9,4.09,246.467,194.865,51.602,-69.207,0,33.2273,0
"58.3",276.57,10723.5,566.47,120.2,0.601,42.8,72.35,-46.73,1478.8,65.0,55.0,26.62,8.43,3934.2,4.15,245.818,194.916,50.902,-70.806,0,32.1903,0
"58.4",276.27,10689.1,566.34,121.88,0.601,42.6,72.35,-46.84,1479.0,65.0,55.0,26.6,8.43,3962.3,4.03,247.207,194.886,52.321,-72.498,0,30.3727,0
"58.5",275.85,10710.8,566.47,120.61,0.601,43.1,72.35,-46.94,1480.8,65.0,55.0,26.6,8.43,3953.9,4.09,246.523,194.913,51.61,-74.103,0,27.6645,0
"58.6",275.51,10695.6,566.53,120.56,0.601,42.7,72.35,-47.04,1479.9,65.0,55.0,26.67,8.43,3969.1,3.99,247.725,194.907,52.818,-75.035,0,25.0322,0
"58.7",276.46,10726.1,566.37,120.02,0.601,42.7,72.35,-46.71,1480.2,95.0,55.0,26.6,8.44,4866.5,4.08,359.6,284.904,74.696,-70.863,0,-82.4908,1
"58.8",277.37,10731.7,566.52,120.06,0.601,42.8,72.35,-46.35,1480.4,95.0,55.0,26.63,8.44,4836.9,3.96,361.746,284.952,76.794,-66.843,0,-79.3165,0
"58.9",277.06,10738.1,566.39,120.62,0.601,43.1,72.35,-46.47,1478.9,65.0,55.0,26.64,8.44,3957.7,4.03,247.262,194.934,52.328,-68.482,0,34.2371,0
"59.0",276.74,10755.9,566.49,121.32,0.601,43.4,72.35,-46.58,1480.6,65.0,55.0,26.63,8.44,3956.5,4.05,247.056,194.961,52.095,-70.356,0,32.8294,0
"59.1",276.35,10729.3,566.42,118.68,0.601,42.6,72.35,-46.69,1480.4,65.0,55.0,26.58,8.44,3955.2,4.13,246.063,194.913,51.15,-71.698,0,29.3436,0
"59.2",276.12,10763.2,566.46,120.34,0.601,43.0,72.36,-46.8,1479.9,65.0,55.0,26.61,8.43,3941.1,4.01,247.536,194.973,52.563,-73.207,0,27.6741,0
"59.3",275.78,10733.5,566.49,120.07,0.601,42.4,72.36,-46.91,1480.9,65.0,55.0,26.6,8.43,3954.6,4.03,247.278,194.949,52.329,-74.489,0,25.9419,0
"59.4",275.42,10761.1,566.41,119.99,0.601,42.7,72.36,-47.01,1479.5,65.0,55.0,26.59,8.43,3970.2,3.97,248.141,195.042,53.099,-75.628,0,23.3947,0
"59.5",276.46,10710.4,566.43,120.13,0.601,43.3,72.36,-46.63,1480.8,95.0,55.0,26.65,8.44,4834.3,3.99,361.263,285.0,76.263,-71.287,0,-84.3907,1
"59.6",277.56,10735.9,566.5,120.45,0.601,42.7,72.36,-46.37,1480.9,95.0,55.0,26.6,8.44,4844.7,4.1,359.338,284.985,74.353,-67.629,0,-77.1164,0
"59.7",277.24,10697.2,566.42,120.37,0.601,42.9,72.36,-46.48,1480.5,65.0,55.0,26.62,8.44,3931.8,4.02,247.346,194.925,52.421,-69.235,0,33.3116,0
"59.8",276.79,10718.3,566.43,119.74,0.601,42.5,72.36,-46.6,1480.1,65.0,55.0,26.59,8.44,3951.4,4.12,246.192,194.928,51.264,-70.765,0,31.7386,0
"59.9",276.39,10726.7,566.41,120.33,0.601,43.6,72.36,-46.71,1480.7,65.0,55.0,26.63,8.44,3962.1,3.97,247.919,194.871,53.048,-72.407,0,28.4429,0
